Species,Size (inches),Camera ID,Tank Position,SS,FileName,Trial,Experiment Start,Filming Start,Temperature,Conductivity,pH
LF,1.5,Cichlid2_1,A1,,Cichlid2_04132022_1,1,04/13/2022,04/14/2022,27.6,329,8.39
LT,0.5,Cichlid2_1,B1,,Cichlid2_04132022_1,1,04/13/2022,04/14/2022,27.6,329,8.39
LT,0.5,Cichlid2_1,B2,,Cichlid2_04132022_1,1,04/13/2022,04/14/2022,27.6,329,8.39
LT,0.5,Cichlid1_1,C1,,Cichlid1_04132022_1,1,04/13/2022,04/14/2022,27.6,329,8.39
LT,0.5,Cichlid1_1,C2,,Cichlid1_04132022_1,1,04/13/2022,04/14/2022,27.6,329,8.39
LT,0.5,Cichlid1_1,D1,,Cichlid1_04132022_1,1,04/13/2022,04/14/2022,27.6,329,8.39
LT,0.5,Cichlid1_1,D2,,Cichlid1_04132022_1,1,04/13/2022,04/14/2022,27.6,329,8.39
TRC,2.5,Cichlid2_1,A1,,Cichlid2_04152022_1,2,04/15/2022,04/16/2022,26.3,315,8.32
TRC,2.5,Cichlid2_1,B1,,Cichlid2_04152022_1,2,04/15/2022,04/16/2022,26.3,315,8.32
TRC,2.5,Cichlid2_1,B2,,Cichlid2_04152022_1,2,04/15/2022,04/16/2022,26.3,315,8.32
TRC,2.5,Cichlid1_1,C1,,Cichlid1_04152022_1,2,04/15/2022,04/16/2022,26.3,315,8.32
TRC,2.5,Cichlid1_1,C2,,Cichlid1_04152022_1,2,04/15/2022,04/16/2022,26.3,315,8.32
TRC,2.5,Cichlid1_1,D1,,Cichlid1_04152022_1,2,04/15/2022,04/16/2022,26.3,315,8.32
TRC,2.5,Cichlid1_1,D2,,Cichlid1_04152022_1,2,04/15/2022,04/16/2022,26.3,315,8.32
LF,2.5,Cichlid2_1,A1,,Cichlid2_04182022_1,3,04/18/2022,04/19/2022,27.2,307,8.32
LF,1.5,Cichlid2_1,B1,,Cichlid2_04182022_1,3,04/18/2022,04/19/2022,27.2,307,8.32
LF,1.5,Cichlid2_1,B2,,Cichlid2_04182022_1,3,04/18/2022,04/19/2022,27.2,307,8.32
LF,2.5,Cichlid1_1,C1,,Cichlid1_04182022_1,3,04/18/2022,04/19/2022,27.2,307,8.32
OBRC,1.5,Cichlid1_1,C2,,Cichlid1_04182022_1,3,04/18/2022,04/19/2022,27.2,307,8.32
OBRC,1.5,Cichlid1_1,D1,,Cichlid1_04182022_1,3,04/18/2022,04/19/2022,27.2,307,8.32
OBRC,1.5,Cichlid1_1,D2,,Cichlid1_04182022_1,3,04/18/2022,04/19/2022,27.2,307,8.32
LT,1,Cichlid2_1,A1,,Cichlid2_04222022_1,4,04/22/2022,04/23/2022,27.5,332,8.41
LT,1,Cichlid2_1,B1,,Cichlid2_04222022_1,4,04/22/2022,04/23/2022,27.5,332,8.41
LT,1.5,Cichlid2_1,B2,,Cichlid2_04222022_1,4,04/22/2022,04/23/2022,27.5,332,8.41
LT,1.5,Cichlid1_1,C1,,Cichlid1_04222022_1,4,04/22/2022,04/23/2022,27.5,332,8.41
LT,1.5,Cichlid1_1,C2,,Cichlid1_04222022_1,4,04/22/2022,04/23/2022,27.5,332,8.41
LT,1,Cichlid1_1,D1,,Cichlid1_04222022_1,4,04/22/2022,04/23/2022,27.5,332,8.41
LT,1,Cichlid1_1,D2,,Cichlid1_04222022_1,4,04/22/2022,04/23/2022,27.5,332,8.41
LT,1.5,Cichlid2_1,A1,,Cichlid2_04242022_1,5,04/24/2022,04/25/2022,27.4,315,8.33
LT,1.5,Cichlid2_1,B1,,Cichlid2_04242022_1,5,04/24/2022,04/25/2022,27.4,315,8.33
LT,1,Cichlid2_1,B2,,Cichlid2_04242022_1,5,04/24/2022,04/25/2022,27.4,315,8.33
LT,1.5,Cichlid1_1,C1,,Cichlid1_04242022_1,5,04/24/2022,04/25/2022,27.4,315,8.33
LT,1.5,Cichlid1_1,C2,,Cichlid1_04242022_1,5,04/24/2022,04/25/2022,27.4,315,8.33
LT,1.5,Cichlid1_1,D1,,Cichlid1_04242022_1,5,04/24/2022,04/25/2022,27.4,315,8.33
LT,1.5,Cichlid1_1,D2,,Cichlid1_04242022_1,5,04/24/2022,04/25/2022,27.4,315,8.33
TRC,4.5,Cichlid2_1,A1,P0_1-2,Cichlid2_04262022_1,6,04/26/2022,04/27/2022,27.2,329,8.4
AC,3.5,Cichlid2_1,A2,,Cichlid2_04262022_1,6,04/26/2022,04/27/2022,27.2,329,8.4
AC,3,Cichlid2_1,B1,,Cichlid2_04262022_1,6,04/26/2022,04/27/2022,27.2,329,8.4
AC,3,Cichlid2_1,B2,P0_1,Cichlid2_04262022_1,6,04/26/2022,04/27/2022,27.2,329,8.4
AC,3,Cichlid1_1,C1,P0_2,Cichlid1_04262022_1,6,04/26/2022,04/27/2022,27.2,329,8.4
AC,3,Cichlid1_1,C2,,Cichlid1_04262022_1,6,04/26/2022,04/27/2022,27.2,329,8.4
AC,3,Cichlid1_1,D1,,Cichlid1_04262022_1,6,04/26/2022,04/27/2022,27.2,329,8.4
AC,2.5,Cichlid1_1,D2,,Cichlid1_04262022_1,6,04/26/2022,04/27/2022,27.2,329,8.4
OBRC,1.5,Cichlid2_1,A1,,Cichlid2_04282022_1,7,04/28/2022,04/29/2022,28,341,8.44
OBRC,2,Cichlid2_1,A2,,Cichlid2_04282022_1,7,04/28/2022,04/29/2022,28,341,8.44
OBRC,2,Cichlid2_1,B1,,Cichlid2_04282022_1,7,04/28/2022,04/29/2022,28,341,8.44
OBRC,2,Cichlid2_1,B2,,Cichlid2_04282022_1,7,04/28/2022,04/29/2022,28,341,8.44
OBRC,2,Cichlid1_1,C1,,Cichlid1_04282022_1,7,04/28/2022,04/29/2022,28,341,8.44
OBRC,2.25,Cichlid1_1,C2,,Cichlid1_04282022_1,7,04/28/2022,04/29/2022,28,341,8.44
OBRC,2,Cichlid1_1,D1,,Cichlid1_04282022_1,7,04/28/2022,04/29/2022,28,341,8.44
OBRC,2.5,Cichlid1_1,D2,,Cichlid1_04282022_1,7,04/28/2022,04/29/2022,28,341,8.44
LT,2.75,Cichlid2_1,A1,,Cichlid2_04302022_1,8,04/30/2022,05/01/2022,28,340,8.4
LT,3,Cichlid2_1,A2,,Cichlid2_04302022_1,8,04/30/2022,05/01/2022,28,340,8.4
LT,2.2,Cichlid2_1,B1,,Cichlid2_04302022_1,8,04/30/2022,05/01/2022,28,340,8.4
LT,2.2,Cichlid2_1,B2,,Cichlid2_04302022_1,8,04/30/2022,05/01/2022,28,340,8.4
LT,2.75,Cichlid1_1,C1,,Cichlid1_04302022_1,8,04/30/2022,05/01/2022,28,340,8.4
LT,3,Cichlid1_1,C2,,Cichlid1_04302022_1,8,04/30/2022,05/01/2022,28,340,8.4
LT,2.5,Cichlid1_1,D1,,Cichlid1_04302022_1,8,04/30/2022,05/01/2022,28,340,8.4
LT,1.75,Cichlid1_1,D2,,Cichlid1_04302022_1,8,04/30/2022,05/01/2022,28,340,8.4
TRC,2.5,Cichlid2_1,A1,,Cichlid2_05022022_1,9,05/02/2022,05/03/2022,28.1,329,8.34
TRC,3,Cichlid2_1,A2,,Cichlid2_05022022_1,9,05/02/2022,05/03/2022,28.1,329,8.34
TRC,2.8,Cichlid2_1,B1,,Cichlid2_05022022_1,9,05/02/2022,05/03/2022,28.1,329,8.34
TRC,2.6,Cichlid2_1,B2,,Cichlid2_05022022_1,9,05/02/2022,05/03/2022,28.1,329,8.34
TRC,2.6,Cichlid1_1,C1,,Cichlid1_05022022_1,9,05/02/2022,05/03/2022,28.1,329,8.34
TRC,3,Cichlid1_1,C2,,Cichlid1_05022022_1,9,05/02/2022,05/03/2022,28.1,329,8.34
LF,2.5,Cichlid2_1,A1,,Cichlid2_05062022_1,10,05/06/2022,05/07/2022,28.1,320,8.4
LF,3.5,Cichlid2_1,A2,,Cichlid2_05062022_1,10,05/06/2022,05/07/2022,28.1,320,8.4
LF,2.6,Cichlid2_1,B1,,Cichlid2_05062022_1,10,05/06/2022,05/07/2022,28.1,320,8.4
LF,2,Cichlid2_1,B2,,Cichlid2_05062022_1,10,05/06/2022,05/07/2022,28.1,320,8.4
LF,2.5,Cichlid1_1,C1,,Cichlid1_05062022_1,10,05/06/2022,05/07/2022,28.1,320,8.4
LF,1.75,Cichlid1_1,C2,,Cichlid1_05062022_1,10,05/06/2022,05/07/2022,28.1,320,8.4
LF,2.75,Cichlid1_1,D1,,Cichlid1_05062022_1,10,05/06/2022,05/07/2022,28.1,320,8.4
CZ,2.6,Cichlid2_1,A1,,Cichlid2_05082022_1,11,05/08/2022,05/09/2022,27.4,330,8.33
CZ,3.25,Cichlid2_1,A2,,Cichlid2_05082022_1,11,05/08/2022,05/09/2022,27.4,330,8.33
CZ,3,Cichlid2_1,B1,,Cichlid2_05082022_1,11,05/08/2022,05/09/2022,27.4,330,8.33
CZ,3,Cichlid2_1,B2,,Cichlid2_05082022_1,11,05/08/2022,05/09/2022,27.4,330,8.33
CZ,3,Cichlid1_1,C1,,Cichlid1_05082022_1,11,05/08/2022,05/09/2022,27.4,330,8.33
CZ,3,Cichlid1_1,C2,,Cichlid1_05082022_1,11,05/08/2022,05/09/2022,27.4,330,8.33
CZ,3,Cichlid1_1,D1,,Cichlid1_05082022_1,11,05/08/2022,05/09/2022,27.4,330,8.33
CZ,3.2,Cichlid1_1,D2,,Cichlid1_05082022_1,11,05/08/2022,05/09/2022,27.4,330,8.33
MM,2.5,Cichlid2_1,A1,,Cichlid2_05152022_1,12,05/15/2022,05/16/2022,27.9,310,8.34
MM,2.4,Cichlid2_1,A2,,Cichlid2_05152022_1,12,05/15/2022,05/16/2022,27.9,310,8.34
MM,2.5,Cichlid2_1,B1,,Cichlid2_05152022_1,12,05/15/2022,05/16/2022,27.9,310,8.34
MM,2.5,Cichlid2_1,B2,,Cichlid2_05152022_1,12,05/15/2022,05/16/2022,27.9,310,8.34
MM,2,Cichlid1_1,C1,,Cichlid1_05152022_1,12,05/15/2022,05/16/2022,27.9,310,8.34
MM,2,Cichlid1_1,C2,,Cichlid1_05152022_1,12,05/15/2022,05/16/2022,27.9,310,8.34
MM,2.6,Cichlid1_1,D1,,Cichlid1_05152022_1,12,05/15/2022,05/16/2022,27.9,310,8.34
MM,2.1,Cichlid1_1,D2,,Cichlid1_05152022_1,12,05/15/2022,05/16/2022,27.9,310,8.34
MC,1.6,Cichlid2_1,A1,,Cichlid2_05172022_1,13,05/17/2022,05/18/2022,27.9,343,8.34
MC,2.4,Cichlid2_1,A2,,Cichlid2_05172022_1,13,05/17/2022,05/18/2022,27.9,343,8.34
MC,2.2,Cichlid2_1,B1,,Cichlid2_05172022_1,13,05/17/2022,05/18/2022,27.9,343,8.34
MC,2.2,Cichlid2_1,B2,,Cichlid2_05172022_1,13,05/17/2022,05/18/2022,27.9,343,8.34
MC,1.8,Cichlid1_1,C1,,Cichlid1_05172022_1,13,05/17/2022,05/18/2022,27.9,343,8.34
MC,1.8,Cichlid1_1,C2,,Cichlid1_05172022_1,13,05/17/2022,05/18/2022,27.9,343,8.34
MC,1.6,Cichlid1_1,D1,,Cichlid1_05172022_1,13,05/17/2022,05/18/2022,27.9,343,8.34
MC,2.3,Cichlid1_1,D2,,Cichlid1_05172022_1,13,05/17/2022,05/18/2022,27.9,343,8.34
TOM,1.6,Cichlid2_1,A1,,Cichlid2_05222022_1,14,05/22/2022,05/23/2022,23,306,8.3
TOM,1.75,Cichlid2_1,A2,,Cichlid2_05222022_1,14,05/22/2022,05/23/2022,23,306,8.3
TOM,2,Cichlid2_1,B1,,Cichlid2_05222022_1,14,05/22/2022,05/23/2022,23,306,8.3
TOM,1.75,Cichlid2_1,B2,,Cichlid2_05222022_1,14,05/22/2022,05/23/2022,23,306,8.3
TOM,1.5,Cichlid1_1,C1,,Cichlid1_05222022_1,14,05/22/2022,05/23/2022,23,306,8.3
TOM,1.5,Cichlid1_1,C2,,Cichlid1_05222022_1,14,05/22/2022,05/23/2022,23,306,8.3
TOM,1.4,Cichlid1_1,D1,,Cichlid1_05222022_1,14,05/22/2022,05/23/2022,23,306,8.3
TOM,1.5,Cichlid1_1,D2,,Cichlid1_05222022_1,14,05/22/2022,05/23/2022,23,306,8.3
TK,1.9,Cichlid2_1,A1,,Cichlid2_05242022_1,15,05/24/2022,05/25/2022,27.6,313,8.33
TK,1.6,Cichlid2_1,A2,,Cichlid2_05242022_1,15,05/24/2022,05/25/2022,27.6,313,8.33
TK,1.6,Cichlid2_1,B1,S,Cichlid2_05242022_1,15,05/24/2022,05/25/2022,27.6,313,8.33
TK,2,Cichlid2_1,B2,,Cichlid2_05242022_1,15,05/24/2022,05/25/2022,27.6,313,8.33
TK,1.5,Cichlid1_1,C1,,Cichlid1_05242022_1,15,05/24/2022,05/25/2022,27.6,313,8.33
TK,2,Cichlid1_1,C2,,Cichlid1_05242022_1,15,05/24/2022,05/25/2022,27.6,313,8.33
TK,1.5,Cichlid1_1,D1,,Cichlid1_05242022_1,15,05/24/2022,05/25/2022,27.6,313,8.33
TK,2.4,Cichlid1_1,D2,,Cichlid1_05242022_1,15,05/24/2022,05/25/2022,27.6,313,8.33
TRC,4.7,Cichlid2_1,A1,,Cichlid2_06062022_1,16,06/06/2022,06/07/2022,27.5,332,8.33
AC,3.3,Cichlid2_1,A2,,Cichlid2_06062022_1,16,06/06/2022,06/07/2022,27.5,332,8.33
AC,3.5,Cichlid2_1,B1,,Cichlid2_06062022_1,16,06/06/2022,06/07/2022,27.5,332,8.33
AC,3.25,Cichlid2_1,B2,,Cichlid2_06062022_1,16,06/06/2022,06/07/2022,27.5,332,8.33
AC,3.5,Cichlid1_1,C1,,Cichlid1_06062022_1,16,06/06/2022,06/07/2022,27.5,332,8.33
AC,3.75,Cichlid1_1,C2,,Cichlid1_06062022_1,16,06/06/2022,06/07/2022,27.5,332,8.33
AC,3.6,Cichlid1_1,D1,,Cichlid1_06062022_1,16,06/06/2022,06/07/2022,27.5,332,8.33
TRC,4.7,Cichlid2_1,A1,,Cichlid2_06292022_1,17,06/29/2022,06/30/2022,27.6,330,8.34
AC,3.25,Cichlid2_1,A2,,Cichlid2_06292022_1,17,06/29/2022,06/30/2022,27.6,330,8.34
AC,3.5,Cichlid2_1,B1,,Cichlid2_06292022_1,17,06/29/2022,06/30/2022,27.6,330,8.34
AC,3.5,Cichlid2_1,B2,,Cichlid2_06292022_1,17,06/29/2022,06/30/2022,27.6,330,8.34
AC,3.75,Cichlid1_1,C1,,Cichlid1_06292022_1,17,06/29/2022,06/30/2022,27.6,330,8.34
AC,3.5,Cichlid1_1,C2,,Cichlid1_06292022_1,17,06/29/2022,06/30/2022,27.6,330,8.34
AC,3.25,Cichlid1_1,D1,H,Cichlid1_06292022_1,17,06/29/2022,06/30/2022,27.6,330,8.34
LT,3.75,Cichlid2_1,A1,,Cichlid2_07122022_1,18,07/12/2022,07/13/2022,28.1,333,8.43
LT,4,Cichlid2_1,A2,,Cichlid2_07122022_1,18,07/12/2022,07/13/2022,28.1,333,8.43
LT,4.5,Cichlid2_1,B1,,Cichlid2_07122022_1,18,07/12/2022,07/13/2022,28.1,333,8.43
LT,4,Cichlid2_1,B2,,Cichlid2_07122022_1,18,07/12/2022,07/13/2022,28.1,333,8.43
LT,4,Cichlid1_1,C1,,Cichlid1_07122022_1,18,07/12/2022,07/13/2022,28.1,333,8.43
LT,3.75,Cichlid1_1,C2,,Cichlid1_07122022_1,18,07/12/2022,07/13/2022,28.1,333,8.43
NBL,2.6,Cichlid2_1,A1,,Cichlid2_08082022_1,22,08/08/2022,08/09/2022,28,332,8.41
NBL,2.1,Cichlid2_1,A2,,Cichlid2_08082022_1,22,08/08/2022,08/09/2022,28,332,8.41
NBL,2.9,Cichlid2_1,B1,,Cichlid2_08082022_1,22,08/08/2022,08/09/2022,28,332,8.41
NBL,3.6,Cichlid2_1,B2,,Cichlid2_08082022_1,22,08/08/2022,08/09/2022,28,332,8.41
NBL,3.4,Cichlid1_1,C1,,Cichlid1_08082022_1,22,08/08/2022,08/09/2022,28,332,8.41
NBL,2.4,Cichlid1_1,C2,,Cichlid1_08082022_1,22,08/08/2022,08/09/2022,28,332,8.41
NBL,2.8,Cichlid1_1,D1,,Cichlid1_08082022_1,22,08/08/2022,08/09/2022,28,332,8.41
RCI,2.6,Cichlid2_1,A1,,Cichlid2_08102022_1,23,08/10/2022,08/11/2022,27.7,338,8.38
RCI,2.2,Cichlid2_1,A2,,Cichlid2_08102022_1,23,08/10/2022,08/11/2022,27.7,338,8.38
RCI,2.2,Cichlid2_1,B1,,Cichlid2_08102022_1,23,08/10/2022,08/11/2022,27.7,338,8.38
RCI,1.3,Cichlid2_1,B2,,Cichlid2_08102022_1,23,08/10/2022,08/11/2022,27.7,338,8.38
RCI,2.2,Cichlid1_1,C1,,Cichlid1_08102022_1,23,08/10/2022,08/11/2022,27.7,338,8.38
RCI,2,Cichlid1_1,C2,,Cichlid1_08102022_1,23,08/10/2022,08/11/2022,27.7,338,8.38
RCI,2.4,Cichlid1_1,D1, ,Cichlid1_08102022_1,23,08/10/2022,08/11/2022,27.7,338,8.38
CE,1.5,Cichlid2_1,A1,,Cichlid2_08152022_1,24,08/15/2022,08/16/2022,27.6,338,8.38
CE,1.4,Cichlid2_1,A2,,Cichlid2_08152022_1,24,08/15/2022,08/16/2022,27.6,338,8.38
CE,2.5,Cichlid2_1,B1,,Cichlid2_08152022_1,24,08/15/2022,08/16/2022,27.6,338,8.38
CE,2.4,Cichlid2_1,B2,,Cichlid2_08152022_1,24,08/15/2022,08/16/2022,27.6,338,8.38
CE,2.6,Cichlid1_1,C1,,Cichlid1_08152022_1,24,08/15/2022,08/16/2022,27.6,338,8.38
CE,2.8,Cichlid1_1,C2,,Cichlid1_08152022_1,24,08/15/2022,08/16/2022,27.6,338,8.38
CE,2.5,Cichlid1_1,D1, ,Cichlid1_08152022_1,24,08/15/2022,08/16/2022,27.6,338,8.38
ST,2.2,Cichlid2_1,A1,,Cichlid2_08212022_1,25,08/21/2022,08/22/2022,29,301,8.44
ST,2.4,Cichlid2_1,A2,,Cichlid2_08212022_1,25,08/21/2022,08/22/2022,29,301,8.44
ST,2.4,Cichlid2_1,B1,,Cichlid2_08212022_1,25,08/21/2022,08/22/2022,29,301,8.44
ST,2.4,Cichlid2_1,B2,,Cichlid2_08212022_1,25,08/21/2022,08/22/2022,29,301,8.44
ST,2.4,Cichlid1_1,C1,,Cichlid1_08212022_1,25,08/21/2022,08/22/2022,29,301,8.44
ST,2.2,Cichlid1_1,C2,,Cichlid1_08212022_1,25,08/21/2022,08/22/2022,29,301,8.44
ST,2,Cichlid1_1,D1, ,Cichlid1_08212022_1,25,08/21/2022,08/22/2022,29,301,8.44
CTL,2.25,Cichlid2_2,A3,,Cichlid2_08212022_2,25,08/21/2022,08/22/2022,29,301,8.44
CTL,2.25,Cichlid2_2,A4,,Cichlid2_08212022_2,25,08/21/2022,08/22/2022,29,301,8.44
CTL,2.6,Cichlid2_2,B3,,Cichlid2_08212022_2,25,08/21/2022,08/22/2022,29,301,8.44
CTL,2.5,Cichlid2_2,B4,Inj_L_Eye,Cichlid2_08212022_2,25,08/21/2022,08/22/2022,29,301,8.44
CTL,2.5,Cichlid1_2,C3,,Cichlid1_08212022_2,25,08/21/2022,08/22/2022,29,301,8.44
CTL,2.5,Cichlid1_2,C4,,Cichlid1_08212022_2,25,08/21/2022,08/22/2022,29,301,8.44
CTL,2.7,Cichlid1_2,D3,,Cichlid1_08212022_2,25,08/21/2022,08/22/2022,29,301,8.44
CTL,2.4,Cichlid1_2,D4,,Cichlid1_08212022_2,25,08/21/2022,08/22/2022,29,301,8.44
PEL,2.25,Cichlid2_1,A1,,Cichlid2_08232022_1,26,08/23/2022,08/24/2022,28.1,321,8.4
PEL,2.5,Cichlid2_1,A2,,Cichlid2_08232022_1,26,08/23/2022,08/24/2022,28.1,321,8.4
PEL,2.5,Cichlid2_1,B1,,Cichlid2_08232022_1,26,08/23/2022,08/24/2022,28.1,321,8.4
PEL,2.2,Cichlid2_1,B2,,Cichlid2_08232022_1,26,08/23/2022,08/24/2022,28.1,321,8.4
PEL,2.25,Cichlid1_1,C1,,Cichlid1_08232022_1,26,08/23/2022,08/24/2022,28.1,321,8.4
PEL,2.5,Cichlid1_1,C2,,Cichlid1_08232022_1,26,08/23/2022,08/24/2022,28.1,321,8.4
PEL,2.25,Cichlid1_1,D1, ,Cichlid1_08232022_1,26,08/23/2022,08/24/2022,28.1,321,8.4
NV,2.5,Cichlid2_1,A1,,Cichlid2_08292022_1,27,08/29/2022,08/30/2022,28.2,321,8.45
NV,2.6,Cichlid2_1,A2,,Cichlid2_08292022_1,27,08/29/2022,08/30/2022,28.2,321,8.45
NV,2.5,Cichlid2_1,B1,,Cichlid2_08292022_1,27,08/29/2022,08/30/2022,28.2,321,8.45
NV,2.75,Cichlid2_1,B2,,Cichlid2_08292022_1,27,08/29/2022,08/30/2022,28.2,321,8.45
NV,2.25,Cichlid1_1,C1,,Cichlid1_08292022_1,27,08/29/2022,08/30/2022,28.2,321,8.45
NV,2.5,Cichlid1_1,C2,,Cichlid1_08292022_1,27,08/29/2022,08/30/2022,28.2,321,8.45
NV,2.25,Cichlid1_1,D1, ,Cichlid1_08292022_1,27,08/29/2022,08/30/2022,28.2,321,8.45
TP,2.25,Cichlid2_1,A1,,Cichlid2_08312022_1,28,08/31/2022,09/01/2022,28.2,308,8.37
TP,2.75,Cichlid2_1,A2,,Cichlid2_08312022_1,28,08/31/2022,09/01/2022,28.2,308,8.37
TP,2,Cichlid2_1,B1,,Cichlid2_08312022_1,28,08/31/2022,09/01/2022,28.2,308,8.37
TP,2.6,Cichlid2_1,B2,,Cichlid2_08312022_1,28,08/31/2022,09/01/2022,28.2,308,8.37
TP,2.25,Cichlid1_1,C1,,Cichlid1_08312022_1,28,08/31/2022,09/01/2022,28.2,308,8.37
TP,2.25,Cichlid1_1,C2,,Cichlid1_08312022_1,28,08/31/2022,09/01/2022,28.2,308,8.37
TP,2.25,Cichlid1_1,D1, ,Cichlid1_08312022_1,28,08/31/2022,09/01/2022,28.2,308,8.37
FR,2.4,Cichlid2_1,A1,,Cichlid2_09062022_1,29,09/06/2022,09/07/2022,28.2,328,8.35
FR,2.25,Cichlid2_1,A2,,Cichlid2_09062022_1,29,09/06/2022,09/07/2022,28.2,328,8.35
FR,2.7,Cichlid2_1,B1,,Cichlid2_09062022_1,29,09/06/2022,09/07/2022,28.2,328,8.35
FR,2.6,Cichlid2_1,B2,,Cichlid2_09062022_1,29,09/06/2022,09/07/2022,28.2,328,8.35
FR,2.4,Cichlid1_1,C1,,Cichlid1_09062022_1,29,09/06/2022,09/07/2022,28.2,328,8.35
FR,2.9,Cichlid1_1,C2,,Cichlid1_09062022_1,29,09/06/2022,09/07/2022,28.2,328,8.35
FR,2.4,Cichlid1_1,D1, ,Cichlid1_09062022_1,29,09/06/2022,09/07/2022,28.2,328,8.35
BN,3,Cichlid2_2,B3,,Cichlid2_09062022_2,29,09/06/2022,09/07/2022,28.2,328,8.35
BN,2.9,Cichlid2_2,B4,,Cichlid2_09062022_2,29,09/06/2022,09/07/2022,28.2,328,8.35
BN,2.9,Cichlid1_2,C3,,Cichlid1_09062022_2,29,09/06/2022,09/07/2022,28.2,328,8.35
BN,3.25,Cichlid1_2,C4,,Cichlid1_09062022_2,29,09/06/2022,09/07/2022,28.2,328,8.35
BN,3.25,Cichlid1_2,D3,,Cichlid1_09062022_2,29,09/06/2022,09/07/2022,28.2,328,8.35
BN,2.9,Cichlid1_2,D4,,Cichlid1_09062022_2,29,09/06/2022,09/07/2022,28.2,328,8.35
CZ,1.25,Cichlid2_1,A1,JUV,Cichlid2_09082022_1,30,09/08/2022,09/09/2022,28.4,336,8.5
CZ,1,Cichlid2_1,A2,JUV,Cichlid2_09082022_1,30,09/08/2022,09/09/2022,28.4,336,8.5
CZ,1.25,Cichlid2_1,B1,JUV,Cichlid2_09082022_1,30,09/08/2022,09/09/2022,28.4,336,8.5
CZ,1,Cichlid2_1,B2,JUV,Cichlid2_09082022_1,30,09/08/2022,09/09/2022,28.4,336,8.5
OBRC,1.75,Cichlid2_2,A3,JUV,Cichlid2_09082022_2,30,09/08/2022,09/09/2022,28.4,336,8.5
OBRC,1.9,Cichlid2_2,A4,JUV,Cichlid2_09082022_2,30,09/08/2022,09/09/2022,28.4,336,8.5
OBRC,1.4,Cichlid2_2,B3,JUV,Cichlid2_09082022_2,30,09/08/2022,09/09/2022,28.4,336,8.5
OBRC,1.6,Cichlid2_2,B4,JUV,Cichlid2_09082022_2,30,09/08/2022,09/09/2022,28.4,336,8.5
OBRC,1.75,Cichlid1_2,C3,JUV,Cichlid1_09082022_2,30,09/08/2022,09/09/2022,28.4,336,8.5
OBRC,1.6,Cichlid1_2,C4,JUV,Cichlid1_09082022_2,30,09/08/2022,09/09/2022,28.4,336,8.5
ST,2.75,Cichlid2_1,A1,WSD,Cichlid2_09192022_1,31,09/19/2022,09/20/2022,28,311,8.4
ST,2.25,Cichlid2_1,A2,WSD,Cichlid2_09192022_1,31,09/19/2022,09/20/2022,28,311,8.4
ST,2.6,Cichlid2_1,B1,WSD,Cichlid2_09192022_1,31,09/19/2022,09/20/2022,28,311,8.4
ST,2.6,Cichlid2_1,B2,WSD,Cichlid2_09192022_1,31,09/19/2022,09/20/2022,28,311,8.4
ST,2.6,Cichlid1_1,C1,WSD,Cichlid1_09192022_1,31,09/19/2022,09/20/2022,28,311,8.4
ST,2.25,Cichlid1_1,C2,WSD,Cichlid1_09192022_1,31,09/19/2022,09/20/2022,28,311,8.4
ST,2.5,Cichlid1_1,D1,WSD,Cichlid1_09192022_1,31,09/19/2022,09/20/2022,28,311,8.4
ST,2.4,Cichlid1_1,D2,WSD,Cichlid1_09192022_1,31,09/19/2022,09/20/2022,28,311,8.4
ST,2.75,Cichlid2_1,A1,WSD,Cichlid2_09212022_1,32,09/21/2022,09/22/2022,28,311,8.47
ST,2.6,Cichlid2_1,B1,WSD,Cichlid2_09212022_1,32,09/21/2022,09/22/2022,28,311,8.47
ST,2.6,Cichlid2_1,B2,WSD,Cichlid2_09212022_1,32,09/21/2022,09/22/2022,28,311,8.47
ST,2.75,Cichlid2_1,B1+2,GRP,Cichlid2_10142022_1,33,10/14/2022,10/15/2022,28,331,8.54
ST,2.6,Cichlid2_1,B1+2,GRP,Cichlid2_10142022_1,33,10/14/2022,10/15/2022,28,331,8.54
ST,2.6,Cichlid2_1,B1+2,GRP,Cichlid2_10142022_1,33,10/14/2022,10/15/2022,28,331,8.54
ST,2.4,Cichlid2_1,B1+2,GRP,Cichlid2_10142022_1,33,10/14/2022,10/15/2022,28,331,8.54
ST,2.5,Cichlid2_1,B1+2,GRP,Cichlid2_10142022_1,33,10/14/2022,10/15/2022,28,331,8.54
RCI,2.6,Cichlid2_1,B1+2,GRP,Cichlid2_10182022_1,34,10/18/2022,10/19/2022,27.6,307,8.53
RCI,2.2,Cichlid2_1,B1+2,GRP,Cichlid2_10182022_1,34,10/18/2022,10/19/2022,27.6,307,8.53
RCI,2.5,Cichlid2_1,B1+2,GRP,Cichlid2_10182022_1,34,10/18/2022,10/19/2022,27.6,307,8.53
RCI,2.4,Cichlid2_1,B1+2,GRP,Cichlid2_10182022_1,34,10/18/2022,10/19/2022,27.6,307,8.53
RCI,2.5,Cichlid2_1,B1+2,GRP,Cichlid2_10182022_1,34,10/18/2022,10/19/2022,27.6,307,8.53
TP,3.5,Cichlid2_1,B1+2,GRP,Cichlid2_10202022_1,35,10/20/2022,10/21/2022,27.6,328,8.46
TP,2.75,Cichlid2_1,B1+2,GRP,Cichlid2_10202022_1,35,10/20/2022,10/21/2022,27.6,328,8.46
TP,3.25,Cichlid2_1,B1+2,GRP,Cichlid2_10202022_1,35,10/20/2022,10/21/2022,27.6,328,8.46
TP,2.5,Cichlid2_1,B1+2,GRP,Cichlid2_10202022_1,35,10/20/2022,10/21/2022,27.6,328,8.46
TP,3.25,Cichlid2_1,B1+2,GRP,Cichlid2_10202022_1,35,10/20/2022,10/21/2022,27.6,328,8.46
NBL,3.2,Cichlid1_1,D1+2,GRP,Cichlid1_10202022_1,35,10/20/2022,10/21/2022,27.6,328,8.46
NBL,3.2,Cichlid1_1,D1+2,GRP,Cichlid1_10202022_1,35,10/20/2022,10/21/2022,27.6,328,8.46
NBL,2.75,Cichlid1_1,D1+2,GRP,Cichlid1_10202022_1,35,10/20/2022,10/21/2022,27.6,328,8.46
NBL,2.25,Cichlid1_1,D1+2,GRP,Cichlid1_10202022_1,35,10/20/2022,10/21/2022,27.6,328,8.46
NBL,2.75,Cichlid1_1,D1+2,GRP,Cichlid1_10202022_1,35,10/20/2022,10/21/2022,27.6,328,8.46
NV,3.25,Cichlid2_2,B3+4,GRP,Cichlid2_10202022_2,35,10/20/2022,10/21/2022,27.6,328,8.46
NV,3.25,Cichlid2_2,B3+4,GRP,Cichlid2_10202022_2,35,10/20/2022,10/21/2022,27.6,328,8.46
NV,3,Cichlid2_2,B3+4,GRP,Cichlid2_10202022_2,35,10/20/2022,10/21/2022,27.6,328,8.46
NV,2.7,Cichlid2_2,B3+4,GRP,Cichlid2_10202022_2,35,10/20/2022,10/21/2022,27.6,328,8.46
NV,3,Cichlid2_2,B3+4,GRP,Cichlid2_10202022_2,35,10/20/2022,10/21/2022,27.6,328,8.46
CE,3.25,Cichlid1_2,D3+4,GRP,Cichlid1_10202022_2,35,10/20/2022,10/21/2022,27.6,328,8.46
CE,2.75,Cichlid1_2,D3+4,GRP,Cichlid1_10202022_2,35,10/20/2022,10/21/2022,27.6,328,8.46
CE,2.75,Cichlid1_2,D3+4,GRP,Cichlid1_10202022_2,35,10/20/2022,10/21/2022,27.6,328,8.46
CE,2.8,Cichlid1_2,D3+4,GRP,Cichlid1_10202022_2,35,10/20/2022,10/21/2022,27.6,328,8.46
CE,2.75,Cichlid1_2,D3+4,GRP,Cichlid1_10202022_2,35,10/20/2022,10/21/2022,27.6,328,8.46
CTL,3.25,Cichlid2_1,B1+2,GRP,Cichlid2_10242022_1,36,10/24/2022,10/25/2022,27.7,325,8.47
CTL,3,Cichlid2_1,B1+2,GRP,Cichlid2_10242022_1,36,10/24/2022,10/25/2022,27.7,325,8.47
CTL,3,Cichlid2_1,B1+2,GRP,Cichlid2_10242022_1,36,10/24/2022,10/25/2022,27.7,325,8.47
CTL,2.7,Cichlid2_1,B1+2,GRP,Cichlid2_10242022_1,36,10/24/2022,10/25/2022,27.7,325,8.47
CTL,3.25,Cichlid2_1,B1+2,GRP,Cichlid2_10242022_1,36,10/24/2022,10/25/2022,27.7,325,8.47
BN,3,Cichlid1_1,D1+2,GRP,Cichlid1_10242022_1,36,10/24/2022,10/25/2022,27.7,325,8.47
BN,3.25,Cichlid1_1,D1+2,GRP,Cichlid1_10242022_1,36,10/24/2022,10/25/2022,27.7,325,8.47
BN,3.25,Cichlid1_1,D1+2,GRP,Cichlid1_10242022_1,36,10/24/2022,10/25/2022,27.7,325,8.47
BN,2.25,Cichlid1_1,D1+2,GRP,Cichlid1_10242022_1,36,10/24/2022,10/25/2022,27.7,325,8.47
BN,3.5,Cichlid1_1,D1+2,GRP,Cichlid1_10242022_1,36,10/24/2022,10/25/2022,27.7,325,8.47
PEL,3,Cichlid2_2,B3+4,GRP,Cichlid2_10242022_2,36,10/24/2022,10/25/2022,27.7,325,8.47
PEL,3,Cichlid2_2,B3+4,GRP,Cichlid2_10242022_2,36,10/24/2022,10/25/2022,27.7,325,8.47
PEL,2.75,Cichlid2_2,B3+4,GRP,Cichlid2_10242022_2,36,10/24/2022,10/25/2022,27.7,325,8.47
PEL,2.6,Cichlid2_2,B3+4,GRP,Cichlid2_10242022_2,36,10/24/2022,10/25/2022,27.7,325,8.47
PEL,2.4,Cichlid2_2,B3+4,GRP,Cichlid2_10242022_2,36,10/24/2022,10/25/2022,27.7,325,8.47
TK,3.25,Cichlid1_2,D3+4,GRP,Cichlid1_10242022_2,36,10/24/2022,10/25/2022,27.7,325,8.47
TK,3,Cichlid1_2,D3+4,GRP,Cichlid1_10242022_2,36,10/24/2022,10/25/2022,27.7,325,8.47
TK,2.75,Cichlid1_2,D3+4,GRP,Cichlid1_10242022_2,36,10/24/2022,10/25/2022,27.7,325,8.47
TK,2.8,Cichlid1_2,D3+4,GRP,Cichlid1_10242022_2,36,10/24/2022,10/25/2022,27.7,325,8.47
TK,3.1,Cichlid1_2,D3+4,GRP,Cichlid1_10242022_2,36,10/24/2022,10/25/2022,27.7,325,8.47
LT,3.5,Cichlid2_1,B1+2,GRP,Cichlid2_11012022_1,37,11/01/2022,11/02/2022,27.7,326,8.5
LT,3.5,Cichlid2_1,B1+2,GRP,Cichlid2_11012022_1,37,11/01/2022,11/02/2022,27.7,326,8.5
LT,4,Cichlid2_1,B1+2,GRP,Cichlid2_11012022_1,37,11/01/2022,11/02/2022,27.7,326,8.5
LT,3.4,Cichlid2_1,B1+2,GRP,Cichlid2_11012022_1,37,11/01/2022,11/02/2022,27.7,326,8.5
LT,3.75,Cichlid2_1,B1+2,GRP,Cichlid2_11012022_1,37,11/01/2022,11/02/2022,27.7,326,8.5
FR,2.5,Cichlid1_1,D1+2,GRP,Cichlid1_11012022_1,37,11/01/2022,11/02/2022,27.7,326,8.5
FR,2.75,Cichlid1_1,D1+2,GRP,Cichlid1_11012022_1,37,11/01/2022,11/02/2022,27.7,326,8.5
FR,3,Cichlid1_1,D1+2,GRP,Cichlid1_11012022_1,37,11/01/2022,11/02/2022,27.7,326,8.5
FR,2.8,Cichlid1_1,D1+2,GRP,Cichlid1_11012022_1,37,11/01/2022,11/02/2022,27.7,326,8.5
FR,3.1,Cichlid1_1,D1+2,GRP,Cichlid1_11012022_1,37,11/01/2022,11/02/2022,27.7,326,8.5
TP,3,Cichlid2_1,B1+2,"GRP, WSD, SUB",Cichlid2_11072022_1,39,11/07/2022,11/08/2022,27.1,325,8.5
TP,2.8,Cichlid2_1,B1+2,"GRP, WSD, SUB",Cichlid2_11072022_1,39,11/07/2022,11/08/2022,27.1,325,8.5
TP,3.25,Cichlid2_1,B1+2,"GRP, WSD, SUB",Cichlid2_11072022_1,39,11/07/2022,11/08/2022,27.1,325,8.5
TP,3.5,Cichlid2_1,B1+2,"GRP, WSD, SUB",Cichlid2_11072022_1,39,11/07/2022,11/08/2022,27.1,325,8.5
TP,2.5,Cichlid2_1,B1+2,"GRP, WSD, SUB",Cichlid2_11072022_1,39,11/07/2022,11/08/2022,27.1,325,8.5
NBL,3.5,Cichlid1_1,D1+2,"GRP, WSD, SUB",Cichlid1_11072022_1,39,11/07/2022,11/08/2022,27.1,325,8.5
NBL,2.8,Cichlid1_1,D1+2,"GRP, WSD, SUB",Cichlid1_11072022_1,39,11/07/2022,11/08/2022,27.1,325,8.5
NBL,3,Cichlid1_1,D1+2,"GRP, WSD, SUB",Cichlid1_11072022_1,39,11/07/2022,11/08/2022,27.1,325,8.5
NBL,2.75,Cichlid1_1,D1+2,"GRP, WSD, SUB",Cichlid1_11072022_1,39,11/07/2022,11/08/2022,27.1,325,8.5
NBL,2.75,Cichlid1_1,D1+2,"GRP, WSD, SUB",Cichlid1_11072022_1,39,11/07/2022,11/08/2022,27.1,325,8.5
NV,3.25,Cichlid2_2,B3+4,"GRP, WSD, SUB",Cichlid2_11072022_2,39,11/07/2022,11/08/2022,27.1,325,8.5
NV,3.2,Cichlid2_2,B3+4,"GRP, WSD, SUB",Cichlid2_11072022_2,39,11/07/2022,11/08/2022,27.1,325,8.5
NV,3.25,Cichlid2_2,B3+4,"GRP, WSD, SUB",Cichlid2_11072022_2,39,11/07/2022,11/08/2022,27.1,325,8.5
NV,3,Cichlid2_2,B3+4,"GRP, WSD, SUB",Cichlid2_11072022_2,39,11/07/2022,11/08/2022,27.1,325,8.5
NV,3.25,Cichlid2_2,B3+4,"GRP, WSD, SUB",Cichlid2_11072022_2,39,11/07/2022,11/08/2022,27.1,325,8.5
RCI,3,Cichlid1_2,D3+4,"GRP, WSD, SUB",Cichlid1_11072022_2,39,11/07/2022,11/08/2022,27.1,325,8.5
RCI,2.8,Cichlid1_2,D3+4,"GRP, WSD, SUB",Cichlid1_11072022_2,39,11/07/2022,11/08/2022,27.1,325,8.5
RCI,3,Cichlid1_2,D3+4,"GRP, WSD, SUB",Cichlid1_11072022_2,39,11/07/2022,11/08/2022,27.1,325,8.5
RCI,2.8,Cichlid1_2,D3+4,"GRP, WSD, SUB",Cichlid1_11072022_2,39,11/07/2022,11/08/2022,27.1,325,8.5
RCI,3,Cichlid1_2,D3+4,"GRP, WSD, SUB",Cichlid1_11072022_2,39,11/07/2022,11/08/2022,27.1,325,8.5
ST,3.2,Cichlid2_1,B1+2,"GRP, WSD, SUB",Cichlid2_11092022_1,40,11/09/2022,11/10/2022,26.9,315,8.59
ST,3.25,Cichlid2_1,B1+2,"GRP, WSD, SUB",Cichlid2_11092022_1,40,11/09/2022,11/10/2022,26.9,315,8.59
ST,3.25,Cichlid2_1,B1+2,"GRP, WSD, SUB",Cichlid2_11092022_1,40,11/09/2022,11/10/2022,26.9,315,8.59
ST,2.8,Cichlid2_1,B1+2,"GRP, WSD, SUB",Cichlid2_11092022_1,40,11/09/2022,11/10/2022,26.9,315,8.59
ST,2.8,Cichlid2_1,B1+2,"GRP, WSD, SUB",Cichlid2_11092022_1,40,11/09/2022,11/10/2022,26.9,315,8.59
CE,3.5,Cichlid1_1,D1+2,"GRP, WSD, SUB",Cichlid1_11092022_1,40,11/09/2022,11/10/2022,26.9,315,8.59
CE,2.75,Cichlid1_1,D1+2,"GRP, WSD, SUB",Cichlid1_11092022_1,40,11/09/2022,11/10/2022,26.9,315,8.59
CE,2.75,Cichlid1_1,D1+2,"GRP, WSD, SUB",Cichlid1_11092022_1,40,11/09/2022,11/10/2022,26.9,315,8.59
CE,2.75,Cichlid1_1,D1+2,"GRP, WSD, SUB",Cichlid1_11092022_1,40,11/09/2022,11/10/2022,26.9,315,8.59
CE,2.5,Cichlid1_1,D1+2,"GRP, WSD, SUB",Cichlid1_11092022_1,40,11/09/2022,11/10/2022,26.9,315,8.59
CTL,3.5,Cichlid2_2,B3+4,"GRP, WSD, SUB",Cichlid2_11092022_2,40,11/09/2022,11/10/2022,26.9,315,8.59
CTL,3.75,Cichlid2_2,B3+4,"GRP, WSD, SUB",Cichlid2_11092022_2,40,11/09/2022,11/10/2022,26.9,315,8.59
CTL,3.5,Cichlid2_2,B3+4,"GRP, WSD, SUB",Cichlid2_11092022_2,40,11/09/2022,11/10/2022,26.9,315,8.59
CTL,2.75,Cichlid2_2,B3+4,"GRP, WSD, SUB",Cichlid2_11092022_2,40,11/09/2022,11/10/2022,26.9,315,8.59
CTL,2.8,Cichlid2_2,B3+4,"GRP, WSD, SUB",Cichlid2_11092022_2,40,11/09/2022,11/10/2022,26.9,315,8.59
BN,3.75,Cichlid1_2,D3+4,"GRP, WSD, SUB",Cichlid1_11092022_2,40,11/09/2022,11/10/2022,26.9,315,8.59
BN,3.25,Cichlid1_2,D3+4,"GRP, WSD, SUB",Cichlid1_11092022_2,40,11/09/2022,11/10/2022,26.9,315,8.59
BN,3.4,Cichlid1_2,D3+4,"GRP, WSD, SUB",Cichlid1_11092022_2,40,11/09/2022,11/10/2022,26.9,315,8.59
BN,3.25,Cichlid1_2,D3+4,"GRP, WSD, SUB",Cichlid1_11092022_2,40,11/09/2022,11/10/2022,26.9,315,8.59
BN,3.4,Cichlid1_2,D3+4,"GRP, WSD, SUB",Cichlid1_11092022_2,40,11/09/2022,11/10/2022,26.9,315,8.59
LT,3.25,Cichlid2_1,B1+2,GRP,Cichlid2_11142022_1,41,11/14/2022,11/15/2022,26.9,314,8.62
LT,3.2,Cichlid2_1,B1+2,GRP,Cichlid2_11142022_1,41,11/14/2022,11/15/2022,26.9,314,8.62
LT,3.25,Cichlid2_1,B1+2,GRP,Cichlid2_11142022_1,41,11/14/2022,11/15/2022,26.9,314,8.62
LT,3.2,Cichlid2_1,B1+2,GRP,Cichlid2_11142022_1,41,11/14/2022,11/15/2022,26.9,314,8.62
LT,3.4,Cichlid2_1,B1+2,GRP,Cichlid2_11142022_1,41,11/14/2022,11/15/2022,26.9,314,8.62
OBRC,2.75,Cichlid1_1,D1+2,GRP,Cichlid1_11142022_1,41,11/14/2022,11/15/2022,26.9,314,8.62
OBRC,2.25,Cichlid1_1,D1+2,GRP,Cichlid1_11142022_1,41,11/14/2022,11/15/2022,26.9,314,8.62
OBRC,2.75,Cichlid1_1,D1+2,GRP,Cichlid1_11142022_1,41,11/14/2022,11/15/2022,26.9,314,8.62
OBRC,2.5,Cichlid1_1,D1+2,GRP,Cichlid1_11142022_1,41,11/14/2022,11/15/2022,26.9,314,8.62
OBRC,2.2,Cichlid1_1,D1+2,GRP,Cichlid1_11142022_1,41,11/14/2022,11/15/2022,26.9,314,8.62
PEL,3.25,Cichlid2_2,B3+4,"GRP, WSD, SUB",Cichlid2_11142022_2,41,11/14/2022,11/15/2022,26.9,314,8.62
PEL,3,Cichlid2_2,B3+4,"GRP, WSD, SUB",Cichlid2_11142022_2,41,11/14/2022,11/15/2022,26.9,314,8.62
PEL,2.4,Cichlid2_2,B3+4,"GRP, WSD, SUB",Cichlid2_11142022_2,41,11/14/2022,11/15/2022,26.9,314,8.62
PEL,2.75,Cichlid2_2,B3+4,"GRP, WSD, SUB",Cichlid2_11142022_2,41,11/14/2022,11/15/2022,26.9,314,8.62
PEL,2.8,Cichlid2_2,B3+4,"GRP, WSD, SUB",Cichlid2_11142022_2,41,11/14/2022,11/15/2022,26.9,314,8.62
FR,2.75,Cichlid1_2,D3+4,"GRP, WSD, SUB",Cichlid1_11142022_2,41,11/14/2022,11/15/2022,26.9,314,8.62
FR,3.25,Cichlid1_2,D3+4,"GRP, WSD, SUB",Cichlid1_11142022_2,41,11/14/2022,11/15/2022,26.9,314,8.62
FR,3.5,Cichlid1_2,D3+4,"GRP, WSD, SUB",Cichlid1_11142022_2,41,11/14/2022,11/15/2022,26.9,314,8.62
FR,3.5,Cichlid1_2,D3+4,"GRP, WSD, SUB",Cichlid1_11142022_2,41,11/14/2022,11/15/2022,26.9,314,8.62
FR,3.5,Cichlid1_2,D3+4,"GRP, WSD, SUB",Cichlid1_11142022_2,41,11/14/2022,11/15/2022,26.9,314,8.62
LF,,Cichlid3,1,JUV,Cichlid3_11162022_,42,11/16/2022,11/17/2022,27.4,322,8.58
LF,,Cichlid3,2,JUV,Cichlid3_11162022_,42,11/16/2022,11/17/2022,27.4,322,8.58
LF,,Cichlid3,3,JUV,Cichlid3_11162022_,42,11/16/2022,11/17/2022,27.4,322,8.58
LF,,Cichlid3,4,JUV,Cichlid3_11162022_,42,11/16/2022,11/17/2022,27.4,322,8.58
LF,,Cichlid3,5,JUV,Cichlid3_11162022_,42,11/16/2022,11/17/2022,27.4,322,8.58
LF,,Cichlid3,6,JUV,Cichlid3_11162022_,42,11/16/2022,11/17/2022,27.4,322,8.58
LF,,Cichlid3,7,JUV,Cichlid3_11162022_,42,11/16/2022,11/17/2022,27.4,322,8.58
LF,,Cichlid3,8,JUV,Cichlid3_11162022_,42,11/16/2022,11/17/2022,27.4,322,8.58
LF,,Cichlid3,9,JUV,Cichlid3_11162022_,42,11/16/2022,11/17/2022,27.4,322,8.58
LF,,Cichlid3,10,JUV,Cichlid3_11162022_,42,11/16/2022,11/17/2022,27.4,322,8.58
LF,,Cichlid3,11,JUV,Cichlid3_11162022_,42,11/16/2022,11/17/2022,27.4,322,8.58
LF,,Cichlid3,12,JUV,Cichlid3_11162022_,42,11/16/2022,11/17/2022,27.4,322,8.58
OBRC,2.75,Cichlid1_1,D1+2,"GRP, SUB",Cichlid1_11212022_1,43,11/21/2022,11/22/2022,27.5,361,8.56
OBRC,2.8,Cichlid1_1,D1+2,"GRP, SUB",Cichlid1_11212022_1,43,11/21/2022,11/22/2022,27.5,361,8.56
OBRC,2.8,Cichlid1_1,D1+2,"GRP, SUB",Cichlid1_11212022_1,43,11/21/2022,11/22/2022,27.5,361,8.56
OBRC,2,Cichlid1_1,D1+2,"GRP, SUB",Cichlid1_11212022_1,43,11/21/2022,11/22/2022,27.5,361,8.56
OBRC,2.25,Cichlid1_1,D1+2,"GRP, SUB",Cichlid1_11212022_1,43,11/21/2022,11/22/2022,27.5,361,8.56
TK,3.25,Cichlid2_2,B3+4,"GRP, SUB",Cichlid2_11212022_2,43,11/21/2022,11/22/2022,27.5,361,8.56
TK,3.25,Cichlid2_2,B3+4,"GRP, SUB",Cichlid2_11212022_2,43,11/21/2022,11/22/2022,27.5,361,8.56
TK,3.5,Cichlid2_2,B3+4,"GRP, SUB",Cichlid2_11212022_2,43,11/21/2022,11/22/2022,27.5,361,8.56
TK,3,Cichlid2_2,B3+4,"GRP, SUB",Cichlid2_11212022_2,43,11/21/2022,11/22/2022,27.5,361,8.56
TK,2.75,Cichlid2_2,B3+4,"GRP, SUB",Cichlid2_11212022_2,43,11/21/2022,11/22/2022,27.5,361,8.56
TK,,Cichlid3,1,JUV,Cichlid3_11282022_,44,11/28/2022,11/29/2022,27.7,346,8.4
TK,,Cichlid3,2,JUV,Cichlid3_11282022_,44,11/28/2022,11/29/2022,27.7,346,8.4
TK,,Cichlid3,3,JUV,Cichlid3_11282022_,44,11/28/2022,11/29/2022,27.7,346,8.4
TK,,Cichlid3,4,JUV,Cichlid3_11282022_,44,11/28/2022,11/29/2022,27.7,346,8.4
TK,,Cichlid3,5,JUV,Cichlid3_11282022_,44,11/28/2022,11/29/2022,27.7,346,8.4
TK,,Cichlid3,6,JUV,Cichlid3_11282022_,44,11/28/2022,11/29/2022,27.7,346,8.4
TK,,Cichlid3,7,JUV,Cichlid3_11282022_,44,11/28/2022,11/29/2022,27.7,346,8.4
TK,,Cichlid3,8,JUV,Cichlid3_11282022_,44,11/28/2022,11/29/2022,27.7,346,8.4
TK,,Cichlid3,9,JUV,Cichlid3_11282022_,44,11/28/2022,11/29/2022,27.7,346,8.4
TK,,Cichlid3,10,JUV,Cichlid3_11282022_,44,11/28/2022,11/29/2022,27.7,346,8.4
TK,,Cichlid3,11,JUV,Cichlid3_11282022_,44,11/28/2022,11/29/2022,27.7,346,8.4
TK,,Cichlid3,12,JUV,Cichlid3_11282022_,44,11/28/2022,11/29/2022,27.7,346,8.4
TO,,Cichlid3,13,JUV,Cichlid3_11282022_,44,11/28/2022,11/29/2022,27.7,346,8.4
TO,,Cichlid3,14,JUV,Cichlid3_11282022_,44,11/28/2022,11/29/2022,27.7,346,8.4
TO,,Cichlid3,15,JUV,Cichlid3_11282022_,44,11/28/2022,11/29/2022,27.7,346,8.4
TO,,Cichlid3,16,JUV,Cichlid3_11282022_,44,11/28/2022,11/29/2022,27.7,346,8.4
TO,,Cichlid3,17,JUV,Cichlid3_11282022_,44,11/28/2022,11/29/2022,27.7,346,8.4
TO,,Cichlid3,18,JUV,Cichlid3_11282022_,44,11/28/2022,11/29/2022,27.7,346,8.4
TO,,Cichlid3,19,JUV,Cichlid3_11282022_,44,11/28/2022,11/29/2022,27.7,346,8.4
TO,,Cichlid3,20,JUV,Cichlid3_11282022_,44,11/28/2022,11/29/2022,27.7,346,8.4
TO,,Cichlid3,21,JUV,Cichlid3_11282022_,44,11/28/2022,11/29/2022,27.7,346,8.4
TO,,Cichlid3,22,JUV,Cichlid3_11282022_,44,11/28/2022,11/29/2022,27.7,346,8.4
TO,,Cichlid3,23,JUV,Cichlid3_11282022_,44,11/28/2022,11/29/2022,27.7,346,8.4
TO,,Cichlid3,24,JUV,Cichlid3_11282022_,44,11/28/2022,11/29/2022,27.7,346,8.4
NV,,Cichlid3,1,JUV,Cichlid3_12052022_,45,12/05/2022,12/06/2022,27.5,369,8.4
NV,,Cichlid3,2,JUV,Cichlid3_12052022_,45,12/05/2022,12/06/2022,27.5,369,8.4
NV,,Cichlid3,3,JUV,Cichlid3_12052022_,45,12/05/2022,12/06/2022,27.5,369,8.4
NV,,Cichlid3,4,JUV,Cichlid3_12052022_,45,12/05/2022,12/06/2022,27.5,369,8.4
NV,,Cichlid3,5,JUV,Cichlid3_12052022_,45,12/05/2022,12/06/2022,27.5,369,8.4
NV,,Cichlid3,6,JUV,Cichlid3_12052022_,45,12/05/2022,12/06/2022,27.5,369,8.4
NV,,Cichlid3,7,JUV,Cichlid3_12052022_,45,12/05/2022,12/06/2022,27.5,369,8.4
NV,,Cichlid3,8,JUV,Cichlid3_12052022_,45,12/05/2022,12/06/2022,27.5,369,8.4
NV,,Cichlid3,9,JUV,Cichlid3_12052022_,45,12/05/2022,12/06/2022,27.5,369,8.4
NV,,Cichlid3,10,JUV,Cichlid3_12052022_,45,12/05/2022,12/06/2022,27.5,369,8.4
NV,,Cichlid3,11,JUV,Cichlid3_12052022_,45,12/05/2022,12/06/2022,27.5,369,8.4
NV,,Cichlid3,12,JUV,Cichlid3_12052022_,45,12/05/2022,12/06/2022,27.5,369,8.4
LT,,Cichlid3,14,JUV,Cichlid3_12072022_,46,12/07/2022,12/08/2022,27.9,353,8.3
LT,,Cichlid3,15,JUV,Cichlid3_12072022_,46,12/07/2022,12/08/2022,27.9,353,8.3
LT,,Cichlid3,16,JUV,Cichlid3_12072022_,46,12/07/2022,12/08/2022,27.9,353,8.3
LT,,Cichlid3,17,JUV,Cichlid3_12072022_,46,12/07/2022,12/08/2022,27.9,353,8.3
LT,,Cichlid3,18,JUV,Cichlid3_12072022_,46,12/07/2022,12/08/2022,27.9,353,8.3
LT,,Cichlid3,19,JUV,Cichlid3_12072022_,46,12/07/2022,12/08/2022,27.9,353,8.3
LT,,Cichlid3,20,JUV,Cichlid3_12072022_,46,12/07/2022,12/08/2022,27.9,353,8.3
LT,,Cichlid3,21,JUV,Cichlid3_12072022_,46,12/07/2022,12/08/2022,27.9,353,8.3
LT,,Cichlid3,22,JUV,Cichlid3_12072022_,46,12/07/2022,12/08/2022,27.9,353,8.3
LT,,Cichlid3,23,JUV,Cichlid3_12072022_,46,12/07/2022,12/08/2022,27.9,353,8.3
LT,,Cichlid3,24,JUV,Cichlid3_12072022_,46,12/07/2022,12/08/2022,27.9,353,8.3
TOM,,Cichlid3,1,JUV,Cichlid3_12122022_,47,12/12/2022,12/13/2022,27.6,329,8.33
TOM,,Cichlid3,2,JUV,Cichlid3_12122022_,47,12/12/2022,12/13/2022,27.6,329,8.33
TOM,,Cichlid3,3,JUV,Cichlid3_12122022_,47,12/12/2022,12/13/2022,27.6,329,8.33
TOM,,Cichlid3,4,JUV,Cichlid3_12122022_,47,12/12/2022,12/13/2022,27.6,329,8.33
TOM,,Cichlid3,5,JUV,Cichlid3_12122022_,47,12/12/2022,12/13/2022,27.6,329,8.33
TOM,,Cichlid3,6,JUV,Cichlid3_12122022_,47,12/12/2022,12/13/2022,27.6,329,8.33
TOM,,Cichlid3,7,JUV,Cichlid3_12122022_,47,12/12/2022,12/13/2022,27.6,329,8.33
TOM,,Cichlid3,8,JUV,Cichlid3_12122022_,47,12/12/2022,12/13/2022,27.6,329,8.33
TOM,,Cichlid3,9,JUV,Cichlid3_12122022_,47,12/12/2022,12/13/2022,27.6,329,8.33
TOM,,Cichlid3,10,JUV,Cichlid3_12122022_,47,12/12/2022,12/13/2022,27.6,329,8.33
NV,,Cichlid3,13,JUV,Cichlid3_12122022_,47,12/12/2022,12/13/2022,27.6,329,8.33
NV,,Cichlid3,14,JUV,Cichlid3_12122022_,47,12/12/2022,12/13/2022,27.6,329,8.33
NV,,Cichlid3,15,JUV,Cichlid3_12122022_,47,12/12/2022,12/13/2022,27.6,329,8.33
NV,,Cichlid3,16,JUV,Cichlid3_12122022_,47,12/12/2022,12/13/2022,27.6,329,8.33
NV,,Cichlid3,17,JUV,Cichlid3_12122022_,47,12/12/2022,12/13/2022,27.6,329,8.33
NV,,Cichlid3,18,JUV,Cichlid3_12122022_,47,12/12/2022,12/13/2022,27.6,329,8.33
NV,,Cichlid3,19,JUV,Cichlid3_12122022_,47,12/12/2022,12/13/2022,27.6,329,8.33
NV,,Cichlid3,20,JUV,Cichlid3_12122022_,47,12/12/2022,12/13/2022,27.6,329,8.33
NV,,Cichlid3,21,JUV,Cichlid3_12122022_,47,12/12/2022,12/13/2022,27.6,329,8.33
NV,,Cichlid3,22,JUV,Cichlid3_12122022_,47,12/12/2022,12/13/2022,27.6,329,8.33
NV,,Cichlid3,23,JUV,Cichlid3_12122022_,47,12/12/2022,12/13/2022,27.6,329,8.33
NV,,Cichlid3,24,JUV,Cichlid3_12122022_,47,12/12/2022,12/13/2022,27.6,329,8.33
LT,1.5,Cichlid2_1,B1+2,GRP,Cichlid2_12152022_1,48,12/15/2022,12/16/2022,27.4,332,8.29
LT,1.5,Cichlid2_1,B1+2,GRP,Cichlid2_12152022_1,48,12/15/2022,12/16/2022,27.4,332,8.29
LT,1.5,Cichlid2_1,B1+2,GRP,Cichlid2_12152022_1,48,12/15/2022,12/16/2022,27.4,332,8.29
LT,1.4,Cichlid2_1,B1+2,GRP,Cichlid2_12152022_1,48,12/15/2022,12/16/2022,27.4,332,8.29
LT,1.6,Cichlid2_1,B1+2,GRP,Cichlid2_12152022_1,48,12/15/2022,12/16/2022,27.4,332,8.29
TP,3.4,Cichlid2_1,B1+2,GRP,Cichlid2_01022023_1,49,01/02/2023,01/03/2023,27.5,390,8.29
TP,3.5,Cichlid2_1,B1+2,GRP,Cichlid2_01022023_1,49,01/02/2023,01/03/2023,27.5,390,8.29
TP,3.5,Cichlid2_1,B1+2,GRP,Cichlid2_01022023_1,49,01/02/2023,01/03/2023,27.5,390,8.29
TP,3.5,Cichlid2_1,B1+2,GRP,Cichlid2_01022023_1,49,01/02/2023,01/03/2023,27.5,390,8.29
TP,4,Cichlid2_1,B1+2,GRP,Cichlid2_01022023_1,49,01/02/2023,01/03/2023,27.5,390,8.29
NBL,3.8,Cichlid1_1,D1+2,GRP,Cichlid1_01022023_1,49,01/02/2023,01/03/2023,27.5,390,8.29
NBL,3.8,Cichlid1_1,D1+2,GRP,Cichlid1_01022023_1,49,01/02/2023,01/03/2023,27.5,390,8.29
NBL,3.75,Cichlid1_1,D1+2,GRP,Cichlid1_01022023_1,49,01/02/2023,01/03/2023,27.5,390,8.29
NBL,3.4,Cichlid1_1,D1+2,GRP,Cichlid1_01022023_1,49,01/02/2023,01/03/2023,27.5,390,8.29
NBL,3.25,Cichlid1_1,D1+2,GRP,Cichlid1_01022023_1,49,01/02/2023,01/03/2023,27.5,390,8.29
NV,3.8,Cichlid2_2,B3+4,GRP,Cichlid2_01022023_2,49,01/02/2023,01/03/2023,27.5,390,8.29
NV,3.5,Cichlid2_2,B3+4,GRP,Cichlid2_01022023_2,49,01/02/2023,01/03/2023,27.5,390,8.29
NV,3.2,Cichlid2_2,B3+4,GRP,Cichlid2_01022023_2,49,01/02/2023,01/03/2023,27.5,390,8.29
NV,3.75,Cichlid2_2,B3+4,GRP,Cichlid2_01022023_2,49,01/02/2023,01/03/2023,27.5,390,8.29
NV,3.6,Cichlid2_2,B3+4,GRP,Cichlid2_01022023_2,49,01/02/2023,01/03/2023,27.5,390,8.29
RCI,3.5,Cichlid1_2,D3+4,GRP,Cichlid1_01022023_2,49,01/02/2023,01/03/2023,27.5,390,8.29
RCI,3.4,Cichlid1_2,D3+4,GRP,Cichlid1_01022023_2,49,01/02/2023,01/03/2023,27.5,390,8.29
RCI,3.6,Cichlid1_2,D3+4,GRP,Cichlid1_01022023_2,49,01/02/2023,01/03/2023,27.5,390,8.29
RCI,3.4,Cichlid1_2,D3+4,GRP,Cichlid1_01022023_2,49,01/02/2023,01/03/2023,27.5,390,8.29
RCI,3.25,Cichlid1_2,D3+4,GRP,Cichlid1_01022023_2,49,01/02/2023,01/03/2023,27.5,390,8.29
ST,3.8,Cichlid2_1,B1+2,GRP,Cichlid2_01042023_1,50,01/04/2023,01/05/2023,28,418,8.27
ST,3.8,Cichlid2_1,B1+2,GRP,Cichlid2_01042023_1,50,01/04/2023,01/05/2023,28,418,8.27
ST,3.75,Cichlid2_1,B1+2,GRP,Cichlid2_01042023_1,50,01/04/2023,01/05/2023,28,418,8.27
ST,3.5,Cichlid2_1,B1+2,GRP,Cichlid2_01042023_1,50,01/04/2023,01/05/2023,28,418,8.27
ST,3.4,Cichlid2_1,B1+2,GRP,Cichlid2_01042023_1,50,01/04/2023,01/05/2023,28,418,8.27
CTL,4,Cichlid1_1,D1+2,GRP,Cichlid1_01042023_1,50,01/04/2023,01/05/2023,28,418,8.27
CTL,4,Cichlid1_1,D1+2,GRP,Cichlid1_01042023_1,50,01/04/2023,01/05/2023,28,418,8.27
CTL,3,Cichlid1_1,D1+2,GRP,Cichlid1_01042023_1,50,01/04/2023,01/05/2023,28,418,8.27
CTL,4.2,Cichlid1_1,D1+2,GRP,Cichlid1_01042023_1,50,01/04/2023,01/05/2023,28,418,8.27
CTL,3.5,Cichlid1_1,D1+2,GRP,Cichlid1_01042023_1,50,01/04/2023,01/05/2023,28,418,8.27
PEL,3.5,Cichlid2_2,B3+4,GRP,Cichlid2_01042023_2,50,01/04/2023,01/05/2023,28,418,8.27
PEL,2.8,Cichlid2_2,B3+4,GRP,Cichlid2_01042023_2,50,01/04/2023,01/05/2023,28,418,8.27
PEL,2.8,Cichlid2_2,B3+4,GRP,Cichlid2_01042023_2,50,01/04/2023,01/05/2023,28,418,8.27
PEL,3.2,Cichlid2_2,B3+4,GRP,Cichlid2_01042023_2,50,01/04/2023,01/05/2023,28,418,8.27
PEL,2.75,Cichlid2_2,B3+4,GRP,Cichlid2_01042023_2,50,01/04/2023,01/05/2023,28,418,8.27
FR,3.4,Cichlid1_2,D3+4,GRP,Cichlid1_01042023_2,50,01/04/2023,01/05/2023,28,418,8.27
FR,3.8,Cichlid1_2,D3+4,GRP,Cichlid1_01042023_2,50,01/04/2023,01/05/2023,28,418,8.27
FR,3.75,Cichlid1_2,D3+4,GRP,Cichlid1_01042023_2,50,01/04/2023,01/05/2023,28,418,8.27
FR,3.75,Cichlid1_2,D3+4,GRP,Cichlid1_01042023_2,50,01/04/2023,01/05/2023,28,418,8.27
FR,3.5,Cichlid1_2,D3+4,GRP,Cichlid1_01042023_2,50,01/04/2023,01/05/2023,28,418,8.27
NBL,3.8,Cichlid1_1,D1+2,GRP,Cichlid1_01112023_1,51,01/11/2023,01/12/2023,27.1,391,8.27
NBL,3.8,Cichlid1_1,D1+2,GRP,Cichlid1_01112023_1,51,01/11/2023,01/12/2023,27.1,391,8.27
NBL,3.75,Cichlid1_1,D1+2,GRP,Cichlid1_01112023_1,51,01/11/2023,01/12/2023,27.1,391,8.27
NBL,3.6,Cichlid1_1,D1+2,GRP,Cichlid1_01112023_1,51,01/11/2023,01/12/2023,27.1,391,8.27
NBL,3.75,Cichlid1_1,D1+2,GRP,Cichlid1_01112023_1,51,01/11/2023,01/12/2023,27.1,391,8.27
NV,4,Cichlid2_2,B3+4,GRP,Cichlid2_01112023_2,51,01/11/2023,01/12/2023,27.1,391,8.27
NV,3.75,Cichlid2_2,B3+4,GRP,Cichlid2_01112023_2,51,01/11/2023,01/12/2023,27.1,391,8.27
NV,3.4,Cichlid2_2,B3+4,GRP,Cichlid2_01112023_2,51,01/11/2023,01/12/2023,27.1,391,8.27
NV,3.25,Cichlid2_2,B3+4,GRP,Cichlid2_01112023_2,51,01/11/2023,01/12/2023,27.1,391,8.27
NV,3.5,Cichlid2_2,B3+4,GRP,Cichlid2_01112023_2,51,01/11/2023,01/12/2023,27.1,391,8.27
RCI,3.75,Cichlid1_2,D3+4,GRP,Cichlid1_01112023_2,51,01/11/2023,01/12/2023,27.1,391,8.27
RCI,3.6,Cichlid1_2,D3+4,GRP,Cichlid1_01112023_2,51,01/11/2023,01/12/2023,27.1,391,8.27
RCI,3.5,Cichlid1_2,D3+4,GRP,Cichlid1_01112023_2,51,01/11/2023,01/12/2023,27.1,391,8.27
RCI,3.4,Cichlid1_2,D3+4,GRP,Cichlid1_01112023_2,51,01/11/2023,01/12/2023,27.1,391,8.27
RCI,3.4,Cichlid1_2,D3+4,GRP,Cichlid1_01112023_2,51,01/11/2023,01/12/2023,27.1,391,8.27
ST,4,Cichlid2_1,B1+2,GRP,Cichlid2_01162023_1,52,01/16/2023,01/17/2023,27.2,379,8.3
ST,3.8,Cichlid2_1,B1+2,GRP,Cichlid2_01162023_1,52,01/16/2023,01/17/2023,27.2,379,8.3
ST,3.75,Cichlid2_1,B1+2,GRP,Cichlid2_01162023_1,52,01/16/2023,01/17/2023,27.2,379,8.3
ST,3.5,Cichlid2_1,B1+2,GRP,Cichlid2_01162023_1,52,01/16/2023,01/17/2023,27.2,379,8.3
ST,3.5,Cichlid2_1,B1+2,GRP,Cichlid2_01162023_1,52,01/16/2023,01/17/2023,27.2,379,8.3
CTL,3.75,Cichlid1_1,D1+2,GRP,Cichlid1_01162023_1,52,01/16/2023,01/17/2023,27.2,379,8.3
CTL,4.2,Cichlid1_1,D1+2,GRP,Cichlid1_01162023_1,52,01/16/2023,01/17/2023,27.2,379,8.3
CTL,4.2,Cichlid1_1,D1+2,GRP,Cichlid1_01162023_1,52,01/16/2023,01/17/2023,27.2,379,8.3
CTL,3.2,Cichlid1_1,D1+2,GRP,Cichlid1_01162023_1,52,01/16/2023,01/17/2023,27.2,379,8.3
CTL,3.5,Cichlid1_1,D1+2,GRP,Cichlid1_01162023_1,52,01/16/2023,01/17/2023,27.2,379,8.3
PEL,3,Cichlid2_2,B3+4,GRP,Cichlid2_01162023_2,52,01/16/2023,01/17/2023,27.2,379,8.3
PEL,3.2,Cichlid2_2,B3+4,GRP,Cichlid2_01162023_2,52,01/16/2023,01/17/2023,27.2,379,8.3
PEL,2.75,Cichlid2_2,B3+4,GRP,Cichlid2_01162023_2,52,01/16/2023,01/17/2023,27.2,379,8.3
PEL,2.8,Cichlid2_2,B3+4,GRP,Cichlid2_01162023_2,52,01/16/2023,01/17/2023,27.2,379,8.3
PEL,2.8,Cichlid2_2,B3+4,GRP,Cichlid2_01162023_2,52,01/16/2023,01/17/2023,27.2,379,8.3
FR,3.4,Cichlid1_2,D3+4,GRP,Cichlid1_01162023_2,52,01/16/2023,01/17/2023,27.2,379,8.3
FR,3.8,Cichlid1_2,D3+4,GRP,Cichlid1_01162023_2,52,01/16/2023,01/17/2023,27.2,379,8.3
FR,3.75,Cichlid1_2,D3+4,GRP,Cichlid1_01162023_2,52,01/16/2023,01/17/2023,27.2,379,8.3
FR,3.25,Cichlid1_2,D3+4,GRP,Cichlid1_01162023_2,52,01/16/2023,01/17/2023,27.2,379,8.3
FR,3.8,Cichlid1_2,D3+4,GRP,Cichlid1_01162023_2,52,01/16/2023,01/17/2023,27.2,379,8.3
TP,3.5,Cichlid2_1,B1+2,"GRP, WSD, SUB",Cichlid2_01182023_1,53,01/18/2023,01/19/2023,27.6,398,8.36
TP,3.5,Cichlid2_1,B1+2,"GRP, WSD, SUB",Cichlid2_01182023_1,53,01/18/2023,01/19/2023,27.6,398,8.36
TP,3.5,Cichlid2_1,B1+2,"GRP, WSD, SUB",Cichlid2_01182023_1,53,01/18/2023,01/19/2023,27.6,398,8.36
TP,2.75,Cichlid2_1,B1+2,"GRP, WSD, SUB",Cichlid2_01182023_1,53,01/18/2023,01/19/2023,27.6,398,8.36
TP,3.75,Cichlid2_1,B1+2,"GRP, WSD, SUB",Cichlid2_01182023_1,53,01/18/2023,01/19/2023,27.6,398,8.36
NBL,4,Cichlid1_1,D1+2,"GRP, WSD, SUB",Cichlid1_01182023_1,53,01/18/2023,01/19/2023,27.6,398,8.36
NBL,3.8,Cichlid1_1,D1+2,"GRP, WSD, SUB",Cichlid1_01182023_1,53,01/18/2023,01/19/2023,27.6,398,8.36
NBL,3.6,Cichlid1_1,D1+2,"GRP, WSD, SUB",Cichlid1_01182023_1,53,01/18/2023,01/19/2023,27.6,398,8.36
NBL,3.75,Cichlid1_1,D1+2,"GRP, WSD, SUB",Cichlid1_01182023_1,53,01/18/2023,01/19/2023,27.6,398,8.36
NBL,3.25,Cichlid1_1,D1+2,"GRP, WSD, SUB",Cichlid1_01182023_1,53,01/18/2023,01/19/2023,27.6,398,8.36
NV,3.75,Cichlid2_2,B3+4,"GRP, WSD, SUB",Cichlid2_01182023_2,53,01/18/2023,01/19/2023,27.6,398,8.36
NV,4,Cichlid2_2,B3+4,"GRP, WSD, SUB",Cichlid2_01182023_2,53,01/18/2023,01/19/2023,27.6,398,8.36
NV,3.25,Cichlid2_2,B3+4,"GRP, WSD, SUB",Cichlid2_01182023_2,53,01/18/2023,01/19/2023,27.6,398,8.36
NV,3.75,Cichlid2_2,B3+4,"GRP, WSD, SUB",Cichlid2_01182023_2,53,01/18/2023,01/19/2023,27.6,398,8.36
NV,3.75,Cichlid2_2,B3+4,"GRP, WSD, SUB",Cichlid2_01182023_2,53,01/18/2023,01/19/2023,27.6,398,8.36
RCI,3.75,Cichlid1_2,D3+4,"GRP, WSD, SUB",Cichlid1_01182023_2,53,01/18/2023,01/19/2023,27.6,398,8.36
RCI,3.75,Cichlid1_2,D3+4,"GRP, WSD, SUB",Cichlid1_01182023_2,53,01/18/2023,01/19/2023,27.6,398,8.36
RCI,3.5,Cichlid1_2,D3+4,"GRP, WSD, SUB",Cichlid1_01182023_2,53,01/18/2023,01/19/2023,27.6,398,8.36
RCI,3.4,Cichlid1_2,D3+4,"GRP, WSD, SUB",Cichlid1_01182023_2,53,01/18/2023,01/19/2023,27.6,398,8.36
RCI,3.5,Cichlid1_2,D3+4,"GRP, WSD, SUB",Cichlid1_01182023_2,53,01/18/2023,01/19/2023,27.6,398,8.36
ST,3.6,Cichlid2_1,B1+2,"GRP, WSD, SUB",Cichlid2_01242023_1,54,01/24/2023,01/25/2023,27,409,8.33
ST,4,Cichlid2_1,B1+2,"GRP, WSD, SUB",Cichlid2_01242023_1,54,01/24/2023,01/25/2023,27,409,8.33
ST,3.6,Cichlid2_1,B1+2,"GRP, WSD, SUB",Cichlid2_01242023_1,54,01/24/2023,01/25/2023,27,409,8.33
ST,4,Cichlid2_1,B1+2,"GRP, WSD, SUB",Cichlid2_01242023_1,54,01/24/2023,01/25/2023,27,409,8.33
ST,3.6,Cichlid2_1,B1+2,"GRP, WSD, SUB",Cichlid2_01242023_1,54,01/24/2023,01/25/2023,27,409,8.33
PEL,2.75,Cichlid2_2,B3+4,"GRP, WSD, SUB",Cichlid2_01242023_2,54,01/24/2023,01/25/2023,27,409,8.33
PEL,2.4,Cichlid2_2,B3+4,"GRP, WSD, SUB",Cichlid2_01242023_2,54,01/24/2023,01/25/2023,27,409,8.33
PEL,3,Cichlid2_2,B3+4,"GRP, WSD, SUB",Cichlid2_01242023_2,54,01/24/2023,01/25/2023,27,409,8.33
PEL,3.25,Cichlid2_2,B3+4,"GRP, WSD, SUB",Cichlid2_01242023_2,54,01/24/2023,01/25/2023,27,409,8.33
PEL,3,Cichlid2_2,B3+4,"GRP, WSD, SUB",Cichlid2_01242023_2,54,01/24/2023,01/25/2023,27,409,8.33
FR,3.75,Cichlid1_2,D3+4,"GRP, WSD, SUB",Cichlid1_01242023_2,54,01/24/2023,01/25/2023,27,409,8.33
FR,3.9,Cichlid1_2,D3+4,"GRP, WSD, SUB",Cichlid1_01242023_2,54,01/24/2023,01/25/2023,27,409,8.33
FR,3.9,Cichlid1_2,D3+4,"GRP, WSD, SUB",Cichlid1_01242023_2,54,01/24/2023,01/25/2023,27,409,8.33
FR,3.4,Cichlid1_2,D3+4,"GRP, WSD, SUB",Cichlid1_01242023_2,54,01/24/2023,01/25/2023,27,409,8.33
FR,3.5,Cichlid1_2,D3+4,"GRP, WSD, SUB",Cichlid1_01242023_2,54,01/24/2023,01/25/2023,27,409,8.33
MF,3,Cichlid2_1,B1+2,GRP,Cichlid2_01302023_1,55,01/30/2023,01/31/2023,28,437,8.47
MF,2.2,Cichlid2_1,B1+2,GRP,Cichlid2_01302023_1,55,01/30/2023,01/31/2023,28,437,8.47
MF,2.4,Cichlid2_1,B1+2,GRP,Cichlid2_01302023_1,55,01/30/2023,01/31/2023,28,437,8.47
MF,2.75,Cichlid2_1,B1+2,GRP,Cichlid2_01302023_1,55,01/30/2023,01/31/2023,28,437,8.47
MF,2.25,Cichlid2_1,B1+2,GRP,Cichlid2_01302023_1,55,01/30/2023,01/31/2023,28,437,8.47
LFM,3,Cichlid1_1,D1+2,GRP,Cichlid1_01302023_1,55,01/30/2023,01/31/2023,28,437,8.47
LFM,2.75,Cichlid1_1,D1+2,GRP,Cichlid1_01302023_1,55,01/30/2023,01/31/2023,28,437,8.47
LFM,3,Cichlid1_1,D1+2,GRP,Cichlid1_01302023_1,55,01/30/2023,01/31/2023,28,437,8.47
LFM,2.75,Cichlid1_1,D1+2,GRP,Cichlid1_01302023_1,55,01/30/2023,01/31/2023,28,437,8.47
LFM,3.5,Cichlid1_1,D1+2,GRP,Cichlid1_01302023_1,55,01/30/2023,01/31/2023,28,437,8.47
TK,2.75,Cichlid2_2,B3+4,GRP,Cichlid2_01302023_2,55,01/30/2023,01/31/2023,28,437,8.47
TK,2.5,Cichlid2_2,B3+4,GRP,Cichlid2_01302023_2,55,01/30/2023,01/31/2023,28,437,8.47
TK,2.2,Cichlid2_2,B3+4,GRP,Cichlid2_01302023_2,55,01/30/2023,01/31/2023,28,437,8.47
TK,2.2,Cichlid2_2,B3+4,GRP,Cichlid2_01302023_2,55,01/30/2023,01/31/2023,28,437,8.47
TK,2.5,Cichlid2_2,B3+4,GRP,Cichlid2_01302023_2,55,01/30/2023,01/31/2023,28,437,8.47
TOM,1.75,Cichlid1_2,D3+4,GRP,Cichlid1_01302023_2,55,01/30/2023,01/31/2023,28,437,8.47
TOM,1.75,Cichlid1_2,D3+4,GRP,Cichlid1_01302023_2,55,01/30/2023,01/31/2023,28,437,8.47
TOM,2.2,Cichlid1_2,D3+4,GRP,Cichlid1_01302023_2,55,01/30/2023,01/31/2023,28,437,8.47
TOM,1.5,Cichlid1_2,D3+4,GRP,Cichlid1_01302023_2,55,01/30/2023,01/31/2023,28,437,8.47
TOM,1.4,Cichlid1_2,D3+4,GRP,Cichlid1_01302023_2,55,01/30/2023,01/31/2023,28,437,8.47
TOB,3.2,Cichlid2_1,B1+2,GRP,Cichlid2_02012023_1,56,02/01/2023,02/02/2023,27.5,364,8.27
TOB,3,Cichlid2_1,B1+2,GRP,Cichlid2_02012023_1,56,02/01/2023,02/02/2023,27.5,364,8.27
TOB,2.8,Cichlid2_1,B1+2,GRP,Cichlid2_02012023_1,56,02/01/2023,02/02/2023,27.5,364,8.27
TOB,2.6,Cichlid2_1,B1+2,GRP,Cichlid2_02012023_1,56,02/01/2023,02/02/2023,27.5,364,8.27
TOB,2.75,Cichlid2_1,B1+2,GRP,Cichlid2_02012023_1,56,02/01/2023,02/02/2023,27.5,364,8.27
LT,1.2,Cichlid2_2,B3+4,GRP,Cichlid2_02012023_2,56,02/01/2023,02/02/2023,27.5,364,8.27
LT,1.5,Cichlid2_2,B3+4,GRP,Cichlid2_02012023_2,56,02/01/2023,02/02/2023,27.5,364,8.27
LT,1.8,Cichlid2_2,B3+4,GRP,Cichlid2_02012023_2,56,02/01/2023,02/02/2023,27.5,364,8.27
LT,1.25,Cichlid2_2,B3+4,GRP,Cichlid2_02012023_2,56,02/01/2023,02/02/2023,27.5,364,8.27
LT,1.5,Cichlid2_2,B3+4,GRP,Cichlid2_02012023_2,56,02/01/2023,02/02/2023,27.5,364,8.27
MF,3,Cichlid2_1,B1+2,"GRP, SUB",Cichlid2_02072023_1,57,02/07/2023,02/08/2023,27.4,430,8.3
MF,2.75,Cichlid2_1,B1+2,"GRP, SUB",Cichlid2_02072023_1,57,02/07/2023,02/08/2023,27.4,430,8.3
MF,2.8,Cichlid2_1,B1+2,"GRP, SUB",Cichlid2_02072023_1,57,02/07/2023,02/08/2023,27.4,430,8.3
MF,2.2,Cichlid2_1,B1+2,"GRP, SUB",Cichlid2_02072023_1,57,02/07/2023,02/08/2023,27.4,430,8.3
MF,2.6,Cichlid2_1,B1+2,"GRP, SUB",Cichlid2_02072023_1,57,02/07/2023,02/08/2023,27.4,430,8.3
LFM,2.2,Cichlid1_1,D1+2,"GRP, SUB",Cichlid1_02072023_1,57,02/07/2023,02/08/2023,27.4,430,8.3
LFM,2.8,Cichlid1_1,D1+2,"GRP, SUB",Cichlid1_02072023_1,57,02/07/2023,02/08/2023,27.4,430,8.3
LFM,3,Cichlid1_1,D1+2,"GRP, SUB",Cichlid1_02072023_1,57,02/07/2023,02/08/2023,27.4,430,8.3
LFM,3.2,Cichlid1_1,D1+2,"GRP, SUB",Cichlid1_02072023_1,57,02/07/2023,02/08/2023,27.4,430,8.3
LFM,2.8,Cichlid1_1,D1+2,"GRP, SUB",Cichlid1_02072023_1,57,02/07/2023,02/08/2023,27.4,430,8.3
TK,2.4,Cichlid2_2,B3+4,"GRP, SUB",Cichlid2_02072023_2,57,02/07/2023,02/08/2023,27.4,430,8.3
TK,2.75,Cichlid2_2,B3+4,"GRP, SUB",Cichlid2_02072023_2,57,02/07/2023,02/08/2023,27.4,430,8.3
TK,2.6,Cichlid2_2,B3+4,"GRP, SUB",Cichlid2_02072023_2,57,02/07/2023,02/08/2023,27.4,430,8.3
TK,2.5,Cichlid2_2,B3+4,"GRP, SUB",Cichlid2_02072023_2,57,02/07/2023,02/08/2023,27.4,430,8.3
TK,2.5,Cichlid2_2,B3+4,"GRP, SUB",Cichlid2_02072023_2,57,02/07/2023,02/08/2023,27.4,430,8.3
TOM,1.75,Cichlid1_2,D3+4,"GRP, SUB",Cichlid1_02072023_2,57,02/07/2023,02/08/2023,27.4,430,8.3
TOM,1.75,Cichlid1_2,D3+4,"GRP, SUB",Cichlid1_02072023_2,57,02/07/2023,02/08/2023,27.4,430,8.3
TOM,1.75,Cichlid1_2,D3+4,"GRP, SUB",Cichlid1_02072023_2,57,02/07/2023,02/08/2023,27.4,430,8.3
TOM,1.6,Cichlid1_2,D3+4,"GRP, SUB",Cichlid1_02072023_2,57,02/07/2023,02/08/2023,27.4,430,8.3
TOM,2,Cichlid1_2,D3+4,"GRP, SUB",Cichlid1_02072023_2,57,02/07/2023,02/08/2023,27.4,430,8.3
TOB,2.8,Cichlid2_1,B1+2,"GRP, SUB",Cichlid2_02132023_1,58,02/13/2023,02/14/2023,27.4,426,8.3
TOB,3,Cichlid2_1,B1+2,"GRP, SUB",Cichlid2_02132023_1,58,02/13/2023,02/14/2023,27.4,426,8.3
TOB,2.6,Cichlid2_1,B1+2,"GRP, SUB",Cichlid2_02132023_1,58,02/13/2023,02/14/2023,27.4,426,8.3
TOB,3,Cichlid2_1,B1+2,"GRP, SUB",Cichlid2_02132023_1,58,02/13/2023,02/14/2023,27.4,426,8.3
TOB,3,Cichlid2_1,B1+2,"GRP, SUB",Cichlid2_02132023_1,58,02/13/2023,02/14/2023,27.4,426,8.3
LT,1.8,Cichlid2_2,B3+4,"GRP, SUB",Cichlid2_02132023_2,58,02/13/2023,02/14/2023,27.4,426,8.3
LT,1.8,Cichlid2_2,B3+4,"GRP, SUB",Cichlid2_02132023_2,58,02/13/2023,02/14/2023,27.4,426,8.3
LT,1.5,Cichlid2_2,B3+4,"GRP, SUB",Cichlid2_02132023_2,58,02/13/2023,02/14/2023,27.4,426,8.3
LT,1.8,Cichlid2_2,B3+4,"GRP, SUB",Cichlid2_02132023_2,58,02/13/2023,02/14/2023,27.4,426,8.3
LT,1.6,Cichlid2_2,B3+4,"GRP, SUB",Cichlid2_02132023_2,58,02/13/2023,02/14/2023,27.4,426,8.3
PCM,2.75,Cichlid2_1,B1+2,GRP,Cichlid2_04192023_1,70,04/19/2023,04/20/2023,28.1,336,7.83
PCM,2.5,Cichlid2_1,B1+2,GRP,Cichlid2_04192023_1,70,04/19/2023,04/20/2023,28.1,336,7.83
PCM,3,Cichlid2_1,B1+2,GRP,Cichlid2_04192023_1,70,04/19/2023,04/20/2023,28.1,336,7.83
PCM,2.6,Cichlid2_1,B1+2,GRP,Cichlid2_04192023_1,70,04/19/2023,04/20/2023,28.1,336,7.83
PCM,2.6,Cichlid2_1,B1+2,GRP,Cichlid2_04192023_1,70,04/19/2023,04/20/2023,28.1,336,7.83
TRC,2.8,Cichlid1_1,D1+2,GRP,Cichlid1_04192023_1,70,04/19/2023,04/20/2023,28.1,336,7.83
TRC,2.5,Cichlid1_1,D1+2,GRP,Cichlid1_04192023_1,70,04/19/2023,04/20/2023,28.1,336,7.83
TRC,2.75,Cichlid1_1,D1+2,GRP,Cichlid1_04192023_1,70,04/19/2023,04/20/2023,28.1,336,7.83
TRC,2.8,Cichlid1_1,D1+2,GRP,Cichlid1_04192023_1,70,04/19/2023,04/20/2023,28.1,336,7.83
TRC,2.6,Cichlid1_1,D1+2,GRP,Cichlid1_04192023_1,70,04/19/2023,04/20/2023,28.1,336,7.83
MD,2.4,Cichlid2_2,B3+4,GRP,Cichlid2_04192023_2,70,04/19/2023,04/20/2023,28.1,336,7.83
MD,2.6,Cichlid2_2,B3+4,GRP,Cichlid2_04192023_2,70,04/19/2023,04/20/2023,28.1,336,7.83
MD,2.25,Cichlid2_2,B3+4,GRP,Cichlid2_04192023_2,70,04/19/2023,04/20/2023,28.1,336,7.83
MD,2.5,Cichlid2_2,B3+4,GRP,Cichlid2_04192023_2,70,04/19/2023,04/20/2023,28.1,336,7.83
MD,2.4,Cichlid2_2,B3+4,GRP,Cichlid2_04192023_2,70,04/19/2023,04/20/2023,28.1,336,7.83
PCM,2.75,Cichlid2_1,B1+2,"GRP, SUB",Cichlid2_04262023_1,73,04/26/2023,04/27/2023,28.1,324,7.77
PCM,2.6,Cichlid2_1,B1+2,"GRP, SUB",Cichlid2_04262023_1,73,04/26/2023,04/27/2023,28.1,324,7.77
PCM,2.8,Cichlid2_1,B1+2,"GRP, SUB",Cichlid2_04262023_1,73,04/26/2023,04/27/2023,28.1,324,7.77
PCM,2.75,Cichlid2_1,B1+2,"GRP, SUB",Cichlid2_04262023_1,73,04/26/2023,04/27/2023,28.1,324,7.77
PCM,2.6,Cichlid2_1,B1+2,"GRP, SUB",Cichlid2_04262023_1,73,04/26/2023,04/27/2023,28.1,324,7.77
TRC,2.75,Cichlid1_1,D1+2,"GRP, SUB",Cichlid1_04262023_1,73,04/26/2023,04/27/2023,28.1,324,7.77
TRC,2.4,Cichlid1_1,D1+2,"GRP, SUB",Cichlid1_04262023_1,73,04/26/2023,04/27/2023,28.1,324,7.77
TRC,2.75,Cichlid1_1,D1+2,"GRP, SUB",Cichlid1_04262023_1,73,04/26/2023,04/27/2023,28.1,324,7.77
TRC,2.5,Cichlid1_1,D1+2,"GRP, SUB",Cichlid1_04262023_1,73,04/26/2023,04/27/2023,28.1,324,7.77
TRC,2.9,Cichlid1_1,D1+2,"GRP, SUB",Cichlid1_04262023_1,73,04/26/2023,04/27/2023,28.1,324,7.77
MD,2.75,Cichlid2_2,B3+4,"GRP, SUB",Cichlid2_04262023_2,73,04/26/2023,04/27/2023,28.1,324,7.77
MD,2.5,Cichlid2_2,B3+4,"GRP, SUB",Cichlid2_04262023_2,73,04/26/2023,04/27/2023,28.1,324,7.77
MD,2.5,Cichlid2_2,B3+4,"GRP, SUB",Cichlid2_04262023_2,73,04/26/2023,04/27/2023,28.1,324,7.77
MD,2.75,Cichlid2_2,B3+4,"GRP, SUB",Cichlid2_04262023_2,73,04/26/2023,04/27/2023,28.1,324,7.77
MD,2.4,Cichlid2_2,B3+4,"GRP, SUB",Cichlid2_04262023_2,73,04/26/2023,04/27/2023,28.1,324,7.77
LH,2.5,Cichlid2_1,B1+2,GRP,Cichlid2_05012023_1,75,05/01/2023,05/02/2023,28.9,325,7.76
LH,2.4,Cichlid2_1,B1+2,GRP,Cichlid2_05012023_1,75,05/01/2023,05/02/2023,28.9,325,7.76
LH,2,Cichlid2_1,B1+2,GRP,Cichlid2_05012023_1,75,05/01/2023,05/02/2023,28.9,325,7.76
LH,2.2,Cichlid2_1,B1+2,GRP,Cichlid2_05012023_1,75,05/01/2023,05/02/2023,28.9,325,7.76
LH,2,Cichlid2_1,B1+2,GRP,Cichlid2_05012023_1,75,05/01/2023,05/02/2023,28.9,325,7.76
MA,2.9,Cichlid1_1,D1+2,GRP,Cichlid1_05012023_1,75,05/01/2023,05/02/2023,28.9,325,7.76
MA,2.6,Cichlid1_1,D1+2,GRP,Cichlid1_05012023_1,75,05/01/2023,05/02/2023,28.9,325,7.76
MA,2.75,Cichlid1_1,D1+2,GRP,Cichlid1_05012023_1,75,05/01/2023,05/02/2023,28.9,325,7.76
MA,2.4,Cichlid1_1,D1+2,GRP,Cichlid1_05012023_1,75,05/01/2023,05/02/2023,28.9,325,7.76
MA,2.5,Cichlid1_1,D1+2,GRP,Cichlid1_05012023_1,75,05/01/2023,05/02/2023,28.9,325,7.76
PW,2.6,Cichlid2_2,B3+4,GRP,Cichlid2_05012023_2,75,05/01/2023,05/02/2023,28.9,325,7.76
PW,2.5,Cichlid2_2,B3+4,GRP,Cichlid2_05012023_2,75,05/01/2023,05/02/2023,28.9,325,7.76
PW,2.2,Cichlid2_2,B3+4,GRP,Cichlid2_05012023_2,75,05/01/2023,05/02/2023,28.9,325,7.76
PW,2.25,Cichlid2_2,B3+4,GRP,Cichlid2_05012023_2,75,05/01/2023,05/02/2023,28.9,325,7.76
PW,2.25,Cichlid2_2,B3+4,GRP,Cichlid2_05012023_2,75,05/01/2023,05/02/2023,28.9,325,7.76
CD,2.25,Cichlid2_1,B1+2,GRP,Cichlid2_05032023_1,77,05/03/2023,05/04/2023,28.2,301,7.79
CD,2.1,Cichlid2_1,B1+2,GRP,Cichlid2_05032023_1,77,05/03/2023,05/04/2023,28.2,301,7.79
CD,1.9,Cichlid2_1,B1+2,GRP,Cichlid2_05032023_1,77,05/03/2023,05/04/2023,28.2,301,7.79
CD,2.25,Cichlid2_1,B1+2,GRP,Cichlid2_05032023_1,77,05/03/2023,05/04/2023,28.2,301,7.79
CD,2.1,Cichlid2_1,B1+2,GRP,Cichlid2_05032023_1,77,05/03/2023,05/04/2023,28.2,301,7.79
PC,2.4,Cichlid2_2,B3+4,GRP,Cichlid2_05032023_2,77,05/03/2023,05/04/2023,28.2,301,7.79
PC,2,Cichlid2_2,B3+4,GRP,Cichlid2_05032023_2,77,05/03/2023,05/04/2023,28.2,301,7.79
PC,2.75,Cichlid2_2,B3+4,GRP,Cichlid2_05032023_2,77,05/03/2023,05/04/2023,28.2,301,7.79
PC,2.5,Cichlid2_2,B3+4,GRP,Cichlid2_05032023_2,77,05/03/2023,05/04/2023,28.2,301,7.79
PC,2.25,Cichlid2_2,B3+4,GRP,Cichlid2_05032023_2,77,05/03/2023,05/04/2023,28.2,301,7.79
LH,2.5,Cichlid2_1,B1+2,"GRP, SUB",Cichlid2_05082023_1,79,05/08/2023,05/09/2023,28.4,335,7.85
LH,2.4,Cichlid2_1,B1+2,"GRP, SUB",Cichlid2_05082023_1,79,05/08/2023,05/09/2023,28.4,335,7.85
LH,2,Cichlid2_1,B1+2,"GRP, SUB",Cichlid2_05082023_1,79,05/08/2023,05/09/2023,28.4,335,7.85
LH,2.2,Cichlid2_1,B1+2,"GRP, SUB",Cichlid2_05082023_1,79,05/08/2023,05/09/2023,28.4,335,7.85
LH,2,Cichlid2_1,B1+2,"GRP, SUB",Cichlid2_05082023_1,79,05/08/2023,05/09/2023,28.4,335,7.85
MA,3,Cichlid1_1,D1+2,"GRP, SUB",Cichlid1_05082023_1,79,05/08/2023,05/09/2023,28.4,335,7.85
MA,2.5,Cichlid1_1,D1+2,"GRP, SUB",Cichlid1_05082023_1,79,05/08/2023,05/09/2023,28.4,335,7.85
MA,2.6,Cichlid1_1,D1+2,"GRP, SUB",Cichlid1_05082023_1,79,05/08/2023,05/09/2023,28.4,335,7.85
MA,2.5,Cichlid1_1,D1+2,"GRP, SUB",Cichlid1_05082023_1,79,05/08/2023,05/09/2023,28.4,335,7.85
MA,2.75,Cichlid1_1,D1+2,"GRP, SUB",Cichlid1_05082023_1,79,05/08/2023,05/09/2023,28.4,335,7.85
PW,2.75,Cichlid2_2,B3+4,"GRP, SUB",Cichlid2_05082023_2,79,05/08/2023,05/09/2023,28.4,335,7.85
PW,2.5,Cichlid2_2,B3+4,"GRP, SUB",Cichlid2_05082023_2,79,05/08/2023,05/09/2023,28.4,335,7.85
PW,2,Cichlid2_2,B3+4,"GRP, SUB",Cichlid2_05082023_2,79,05/08/2023,05/09/2023,28.4,335,7.85
PW,2.4,Cichlid2_2,B3+4,"GRP, SUB",Cichlid2_05082023_2,79,05/08/2023,05/09/2023,28.4,335,7.85
PW,2.25,Cichlid2_2,B3+4,"GRP, SUB",Cichlid2_05082023_2,79,05/08/2023,05/09/2023,28.4,335,7.85
CD,2.4,Cichlid2_1,B1+2,"GRP, SUB",Cichlid2_05102023_1,80,05/10/2023,05/11/2023,28.1,339,7.83
CD,2.25,Cichlid2_1,B1+2,"GRP, SUB",Cichlid2_05102023_1,80,05/10/2023,05/11/2023,28.1,339,7.83
CD,2.25,Cichlid2_1,B1+2,"GRP, SUB",Cichlid2_05102023_1,80,05/10/2023,05/11/2023,28.1,339,7.83
CD,1.8,Cichlid2_1,B1+2,"GRP, SUB",Cichlid2_05102023_1,80,05/10/2023,05/11/2023,28.1,339,7.83
CD,2,Cichlid2_1,B1+2,"GRP, SUB",Cichlid2_05102023_1,80,05/10/2023,05/11/2023,28.1,339,7.83
PC,2.75,Cichlid1_1,D1+2,"GRP, SUB",Cichlid1_05102023_1,80,05/10/2023,05/11/2023,28.1,339,7.83
PC,2.6,Cichlid1_1,D1+2,"GRP, SUB",Cichlid1_05102023_1,80,05/10/2023,05/11/2023,28.1,339,7.83
PC,2.75,Cichlid1_1,D1+2,"GRP, SUB",Cichlid1_05102023_1,80,05/10/2023,05/11/2023,28.1,339,7.83
PC,2.4,Cichlid1_1,D1+2,"GRP, SUB",Cichlid1_05102023_1,80,05/10/2023,05/11/2023,28.1,339,7.83
PC,2.25,Cichlid1_1,D1+2,"GRP, SUB",Cichlid1_05102023_1,80,05/10/2023,05/11/2023,28.1,339,7.83
IS,2.2,Cichlid2_1,B1+2,GRP,Cichlid2_05172023_1,81,05/17/2023,05/18/2023,28.1,374,7.97
IS,2.2,Cichlid2_1,B1+2,GRP,Cichlid2_05172023_1,81,05/17/2023,05/18/2023,28.1,374,7.97
IS,2,Cichlid2_1,B1+2,GRP,Cichlid2_05172023_1,81,05/17/2023,05/18/2023,28.1,374,7.97
IS,1.8,Cichlid2_1,B1+2,GRP,Cichlid2_05172023_1,81,05/17/2023,05/18/2023,28.1,374,7.97
IS,2.2,Cichlid2_1,B1+2,GRP,Cichlid2_05172023_1,81,05/17/2023,05/18/2023,28.1,374,7.97
MWL,2.2,Cichlid1_1,D1+2,GRP,Cichlid1_05172023_1,81,05/17/2023,05/18/2023,28.1,374,7.97
MWL,2.25,Cichlid1_1,D1+2,GRP,Cichlid1_05172023_1,81,05/17/2023,05/18/2023,28.1,374,7.97
MWL,2.4,Cichlid1_1,D1+2,GRP,Cichlid1_05172023_1,81,05/17/2023,05/18/2023,28.1,374,7.97
MWL,2,Cichlid1_1,D1+2,GRP,Cichlid1_05172023_1,81,05/17/2023,05/18/2023,28.1,374,7.97
MWL,2.8,Cichlid1_1,D1+2,GRP,Cichlid1_05172023_1,81,05/17/2023,05/18/2023,28.1,374,7.97
CZ,2.2,Cichlid2_2,B3+4,GRP,Cichlid2_05172023_2,81,05/17/2023,05/18/2023,28.1,374,7.97
CZ,1.8,Cichlid2_2,B3+4,GRP,Cichlid2_05172023_2,81,05/17/2023,05/18/2023,28.1,374,7.97
CZ,2,Cichlid2_2,B3+4,GRP,Cichlid2_05172023_2,81,05/17/2023,05/18/2023,28.1,374,7.97
CZ,1.6,Cichlid2_2,B3+4,GRP,Cichlid2_05172023_2,81,05/17/2023,05/18/2023,28.1,374,7.97
CZ,1.6,Cichlid2_2,B3+4,GRP,Cichlid2_05172023_2,81,05/17/2023,05/18/2023,28.1,374,7.97
IS,2.2,Cichlid2_1,B1+2,"GRP, SUB",Cichlid2_05222023_1,82,05/22/2023,05/23/2023,28.4,395,28.4
IS,2.25,Cichlid2_1,B1+2,"GRP, SUB",Cichlid2_05222023_1,82,05/22/2023,05/23/2023,28.4,395,28.4
IS,2.25,Cichlid2_1,B1+2,"GRP, SUB",Cichlid2_05222023_1,82,05/22/2023,05/23/2023,28.4,395,28.4
IS,2.2,Cichlid2_1,B1+2,"GRP, SUB",Cichlid2_05222023_1,82,05/22/2023,05/23/2023,28.4,395,28.4
IS,2.2,Cichlid2_1,B1+2,"GRP, SUB",Cichlid2_05222023_1,82,05/22/2023,05/23/2023,28.4,395,28.4
MWL,2,Cichlid1_1,D1+2,"GRP, SUB",Cichlid1_05222023_1,82,05/22/2023,05/23/2023,28.4,395,28.4
MWL,2.2,Cichlid1_1,D1+2,"GRP, SUB",Cichlid1_05222023_1,82,05/22/2023,05/23/2023,28.4,395,28.4
MWL,2.25,Cichlid1_1,D1+2,"GRP, SUB",Cichlid1_05222023_1,82,05/22/2023,05/23/2023,28.4,395,28.4
MWL,2.4,Cichlid1_1,D1+2,"GRP, SUB",Cichlid1_05222023_1,82,05/22/2023,05/23/2023,28.4,395,28.4
MWL,1.75,Cichlid1_1,D1+2,"GRP, SUB",Cichlid1_05222023_1,82,05/22/2023,05/23/2023,28.4,395,28.4
CZ,1.8,Cichlid2_2,B3+4,"GRP, SUB",Cichlid2_05222023_2,82,05/22/2023,05/23/2023,28.4,395,28.4
CZ,2.2,Cichlid2_2,B3+4,"GRP, SUB",Cichlid2_05222023_2,82,05/22/2023,05/23/2023,28.4,395,28.4
CZ,1.5,Cichlid2_2,B3+4,"GRP, SUB",Cichlid2_05222023_2,82,05/22/2023,05/23/2023,28.4,395,28.4
CZ,1.5,Cichlid2_2,B3+4,"GRP, SUB",Cichlid2_05222023_2,82,05/22/2023,05/23/2023,28.4,395,28.4
CZ,2.2,Cichlid2_2,B3+4,"GRP, SUB",Cichlid2_05222023_2,82,05/22/2023,05/23/2023,28.4,395,28.4
LH 1,,Cichlid3,1,"JUV, F2",Cichlid3_05312023_,82,05/31/2023,06/01/2023,28.1,313,7.75
LH 2,,Cichlid3,2,"JUV, F2",Cichlid3_05312023_,82,05/31/2023,06/01/2023,28.1,313,7.75
LH 3,,Cichlid3,3,"JUV, F2",Cichlid3_05312023_,82,05/31/2023,06/01/2023,28.1,313,7.75
LH 4,,Cichlid3,4,"JUV, F2",Cichlid3_05312023_,82,05/31/2023,06/01/2023,28.1,313,7.75
LH 5,,Cichlid3,5,"JUV, F2",Cichlid3_05312023_,82,05/31/2023,06/01/2023,28.1,313,7.75
TRC 1,,Cichlid3,6,"JUV, F2",Cichlid3_05312023_,82,05/31/2023,06/01/2023,28.1,313,7.75
TRC 2,,Cichlid3,7,"JUV, F2",Cichlid3_05312023_,82,05/31/2023,06/01/2023,28.1,313,7.75
TRC 3,,Cichlid3,8,"JUV, F2",Cichlid3_05312023_,82,05/31/2023,06/01/2023,28.1,313,7.75
LA,3.2,Cichlid2_1,B1+2,,Cichlid2_07052023_1,84,07/05/2023,07/06/2023,28.7,319,7.95
LA,3.2,Cichlid2_1,B1+2,,Cichlid2_07052023_1,84,07/05/2023,07/06/2023,28.7,319,7.95
LA,2.6,Cichlid2_1,B1+2,,Cichlid2_07052023_1,84,07/05/2023,07/06/2023,28.7,319,7.95
LA,2.4,Cichlid2_1,B1+2,,Cichlid2_07052023_1,84,07/05/2023,07/06/2023,28.7,319,7.95
LA,2.75,Cichlid2_1,B1+2,,Cichlid2_07052023_1,84,07/05/2023,07/06/2023,28.7,319,7.95
CAM,2.25,Cichlid1_1,D1+2,,Cichlid1_07052023_1,84,07/05/2023,07/06/2023,28.7,319,7.95
CAM,2.25,Cichlid1_1,D1+2,,Cichlid1_07052023_1,84,07/05/2023,07/06/2023,28.7,319,7.95
CAM,2,Cichlid1_1,D1+2,,Cichlid1_07052023_1,84,07/05/2023,07/06/2023,28.7,319,7.95
CAM,2.25,Cichlid1_1,D1+2,,Cichlid1_07052023_1,84,07/05/2023,07/06/2023,28.7,319,7.95
CAM,1.75,Cichlid1_1,D1+2,,Cichlid1_07052023_1,84,07/05/2023,07/06/2023,28.7,319,7.95
LNN,2.25,Cichlid2_2,B3+4,,Cichlid2_07052023_2,84,07/05/2023,07/06/2023,28.7,319,7.95
LNN,2.5,Cichlid2_2,B3+4,,Cichlid2_07052023_2,84,07/05/2023,07/06/2023,28.7,319,7.95
LNN,1.5,Cichlid2_2,B3+4,,Cichlid2_07052023_2,84,07/05/2023,07/06/2023,28.7,319,7.95
LNN,2.5,Cichlid2_2,B3+4,,Cichlid2_07052023_2,84,07/05/2023,07/06/2023,28.7,319,7.95
LNN,2,Cichlid2_2,B3+4,,Cichlid2_07052023_2,84,07/05/2023,07/06/2023,28.7,319,7.95
STM,2.45,Cichlid1_2,D3+4,,Cichlid1_07052023_2,84,07/05/2023,07/06/2023,28.7,319,7.95
STM,2.25,Cichlid1_2,D3+4,,Cichlid1_07052023_2,84,07/05/2023,07/06/2023,28.7,319,7.95
STM,2.75,Cichlid1_2,D3+4,,Cichlid1_07052023_2,84,07/05/2023,07/06/2023,28.7,319,7.95
STM,1.75,Cichlid1_2,D3+4,,Cichlid1_07052023_2,84,07/05/2023,07/06/2023,28.7,319,7.95
STM,2.2,Cichlid1_2,D3+4,,Cichlid1_07052023_2,84,07/05/2023,07/06/2023,28.7,319,7.95
THI,2.4,Cichlid2_1,B1+2,,Cichlid2_07122023_1,85,07/12/2023,07/13/2023,28.5,330,7.95
THI,2.75,Cichlid2_1,B1+2,,Cichlid2_07122023_1,85,07/12/2023,07/13/2023,28.5,330,7.95
THI,2.8,Cichlid2_1,B1+2,,Cichlid2_07122023_1,85,07/12/2023,07/13/2023,28.5,330,7.95
THI,2.5,Cichlid2_1,B1+2,,Cichlid2_07122023_1,85,07/12/2023,07/13/2023,28.5,330,7.95
THI,2.7,Cichlid2_1,B1+2,,Cichlid2_07122023_1,85,07/12/2023,07/13/2023,28.5,330,7.95
TGL,2.75,Cichlid1_1,D1+2,,Cichlid1_07122023_1,85,07/12/2023,07/13/2023,28.5,330,7.95
TGL,2,Cichlid1_1,D1+2,,Cichlid1_07122023_1,85,07/12/2023,07/13/2023,28.5,330,7.95
TGL,2.8,Cichlid1_1,D1+2,,Cichlid1_07122023_1,85,07/12/2023,07/13/2023,28.5,330,7.95
TGL,2.5,Cichlid1_1,D1+2,,Cichlid1_07122023_1,85,07/12/2023,07/13/2023,28.5,330,7.95
TGL,2.3,Cichlid1_1,D1+2,,Cichlid1_07122023_1,85,07/12/2023,07/13/2023,28.5,330,7.95
TFN,2.9,Cichlid2_2,B3+4,,Cichlid2_07122023_2,85,07/12/2023,07/13/2023,28.5,330,7.95
TFN,2.7,Cichlid2_2,B3+4,,Cichlid2_07122023_2,85,07/12/2023,07/13/2023,28.5,330,7.95
TFN,2.7,Cichlid2_2,B3+4,,Cichlid2_07122023_2,85,07/12/2023,07/13/2023,28.5,330,7.95
TFN,2.4,Cichlid2_2,B3+4,,Cichlid2_07122023_2,85,07/12/2023,07/13/2023,28.5,330,7.95
TFN,2.8,Cichlid2_2,B3+4,,Cichlid2_07122023_2,85,07/12/2023,07/13/2023,28.5,330,7.95
MCK,2,Cichlid1_2,D3+4,,Cichlid1_07122023_2,85,07/12/2023,07/13/2023,28.5,330,7.95
MCK,2,Cichlid1_2,D3+4,,Cichlid1_07122023_2,85,07/12/2023,07/13/2023,28.5,330,7.95
MCK,2.2,Cichlid1_2,D3+4,,Cichlid1_07122023_2,85,07/12/2023,07/13/2023,28.5,330,7.95
MCK,2,Cichlid1_2,D3+4,,Cichlid1_07122023_2,85,07/12/2023,07/13/2023,28.5,330,7.95
MCK,1.7,Cichlid1_2,D3+4,,Cichlid1_07122023_2,85,07/12/2023,07/13/2023,28.5,330,7.95
BR,2.4,Cichlid2_1,B1+2,,Cichlid2_07182023_1,86,07/18/2023,07/19/2023,29,328,7.9
BR,3.2,Cichlid2_1,B1+2,,Cichlid2_07182023_1,86,07/18/2023,07/19/2023,29,328,7.9
BR,2.25,Cichlid2_1,B1+2,,Cichlid2_07182023_1,86,07/18/2023,07/19/2023,29,328,7.9
BR,2.7,Cichlid2_1,B1+2,,Cichlid2_07182023_1,86,07/18/2023,07/19/2023,29,328,7.9
BR,2.4,Cichlid2_1,B1+2,,Cichlid2_07182023_1,86,07/18/2023,07/19/2023,29,328,7.9
AKM,2.6,Cichlid1_1,D1+2,,Cichlid1_07182023_1,86,07/18/2023,07/19/2023,29,328,7.9
AKM,2.6,Cichlid1_1,D1+2,,Cichlid1_07182023_1,86,07/18/2023,07/19/2023,29,328,7.9
AKM,2.5,Cichlid1_1,D1+2,,Cichlid1_07182023_1,86,07/18/2023,07/19/2023,29,328,7.9
AKM,2.25,Cichlid1_1,D1+2,,Cichlid1_07182023_1,86,07/18/2023,07/19/2023,29,328,7.9
AKM,2.5,Cichlid1_1,D1+2,,Cichlid1_07182023_1,86,07/18/2023,07/19/2023,29,328,7.9
ACY,1.9,Cichlid2_2,B3+4,,Cichlid2_07182023_2,86,07/18/2023,07/19/2023,29,328,7.9
ACY,1.8,Cichlid2_2,B3+4,,Cichlid2_07182023_2,86,07/18/2023,07/19/2023,29,328,7.9
ACY,2.1,Cichlid2_2,B3+4,,Cichlid2_07182023_2,86,07/18/2023,07/19/2023,29,328,7.9
ACY,1.75,Cichlid2_2,B3+4,,Cichlid2_07182023_2,86,07/18/2023,07/19/2023,29,328,7.9
ACY,2,Cichlid2_2,B3+4,,Cichlid2_07182023_2,86,07/18/2023,07/19/2023,29,328,7.9
EA,2,Cichlid1_2,D3+4,,Cichlid1_07182023_2,86,07/18/2023,07/19/2023,29,328,7.9
EA,2.3,Cichlid1_2,D3+4,,Cichlid1_07182023_2,86,07/18/2023,07/19/2023,29,328,7.9
EA,2,Cichlid1_2,D3+4,,Cichlid1_07182023_2,86,07/18/2023,07/19/2023,29,328,7.9
EA,2.4,Cichlid1_2,D3+4,,Cichlid1_07182023_2,86,07/18/2023,07/19/2023,29,328,7.9
EA,1.75,Cichlid1_2,D3+4,,Cichlid1_07182023_2,86,07/18/2023,07/19/2023,29,328,7.9
MCK,2.5,Cichlid2_1,B1+2,,Cichlid2_08072023_1,87,08/07/2023,08/08/2023,28.4,321,7.9
MCK,2.25,Cichlid2_1,B1+2,,Cichlid2_08072023_1,87,08/07/2023,08/08/2023,28.4,321,7.9
MCK,2.8,Cichlid2_1,B1+2,,Cichlid2_08072023_1,87,08/07/2023,08/08/2023,28.4,321,7.9
MCK,2.1,Cichlid2_1,B1+2,,Cichlid2_08072023_1,87,08/07/2023,08/08/2023,28.4,321,7.9
MCK,2.25,Cichlid2_1,B1+2,,Cichlid2_08072023_1,87,08/07/2023,08/08/2023,28.4,321,7.9
EA,2.1,Cichlid1_1,D1+2,,Cichlid1_08072023_1,87,08/07/2023,08/08/2023,28.4,321,7.9
EA,2.5,Cichlid1_1,D1+2,,Cichlid1_08072023_1,87,08/07/2023,08/08/2023,28.4,321,7.9
EA,2.25,Cichlid1_1,D1+2,,Cichlid1_08072023_1,87,08/07/2023,08/08/2023,28.4,321,7.9
EA,2.4,Cichlid1_1,D1+2,,Cichlid1_08072023_1,87,08/07/2023,08/08/2023,28.4,321,7.9
EA,2.1,Cichlid1_1,D1+2,,Cichlid1_08072023_1,87,08/07/2023,08/08/2023,28.4,321,7.9